"Habitat","COTS","Max_DHW","Cyclone","Land_Dist","Depth_Mean_100m","Depth_Mean_500m","Curvature_Mean_100m","Curvature_Mean_500m","Coral_Mean_Cover","Macroalgae_Mean_Cover","CTB_Mean_Cover"
"Backreef",0,0,"0",689.203186035156,1.67484316642742,6.03005030793936,2.16693729079474e-05,-0.00498612331107317,43.7575757575758,1.66666666666667,36.0707070707071
"Backreef",1,2,"0",689.203186035156,1.67484316642742,6.03005030793936,2.16693729079474e-05,-0.00498612331107317,39.84,0.24,43.52
"Backreef",0,0,"0",689.203186035156,1.67484316642742,6.03005030793936,2.16693729079474e-05,-0.00498612331107317,31.52,1.04,51.92
"Backreef",0,0,"0",689.203186035156,1.67484316642742,6.03005030793936,2.16693729079474e-05,-0.00498612331107317,29.4545454545455,0.202020202020202,55.0707070707071
"Backreef",2,1,"3",689.203186035156,1.67484316642742,6.03005030793936,2.16693729079474e-05,-0.00498612331107317,23.35,0.16,58.85
"Backreef",0,0,"2",689.203186035156,1.67484316642742,6.03005030793936,2.16693729079474e-05,-0.00498612331107317,15.3877551020408,0.653061224489796,59.0612244897959
"Backreef",0,1,"1",689.203186035156,1.67484316642742,6.03005030793936,2.16693729079474e-05,-0.00498612331107317,12.7755102040816,10,60.1224489795918
"Backreef",0,1,"0",689.203186035156,1.67484316642742,6.03005030793936,2.16693729079474e-05,-0.00498612331107317,12.96,6.72,66.92
"Backreef",0,0,"0",689.203186035156,1.67484316642742,6.03005030793936,2.16693729079474e-05,-0.00498612331107317,8.29896907216495,9.8659793814433,55.2783505154639
"Backreef",0,0,"0",689.203186035156,1.67484316642742,6.03005030793936,2.16693729079474e-05,-0.00498612331107317,5.17,19.05,51.04
"Backreef",0,5,"0",689.203186035156,1.67484316642742,6.03005030793936,2.16693729079474e-05,-0.00498612331107317,6.48,12.6,60.28
"Backreef",0,3,"0",689.203186035156,1.67484316642742,6.03005030793936,2.16693729079474e-05,-0.00498612331107317,9.46835443037975,18.379746835443,55.3417721518987
"Backreef",0,0,"0",689.203186035156,1.67484316642742,6.03005030793936,2.16693729079474e-05,-0.00498612331107317,7.15,18.7,55.35
"Backreef",0,5,"0",689.203186035156,1.67484316642742,6.03005030793936,2.16693729079474e-05,-0.00498612331107317,6.3030303030303,19.6767676767677,54.7878787878788
"Backreef",0,2,"0",689.203186035156,1.67484316642742,6.03005030793936,2.16693729079474e-05,-0.00498612331107317,9,23.24,56.36
"Backreef",0,0,"0",689.203186035156,1.67484316642742,6.03005030793936,2.16693729079474e-05,-0.00498612331107317,11.469387755102,23.0612244897959,50.2040816326531
"Backreef",0,0,"0",689.203186035156,1.67484316642742,6.03005030793936,2.16693729079474e-05,-0.00498612331107317,10.88,18.8,51.68
"Backreef",1,0,"0",689.203186035156,1.67484316642742,6.03005030793936,2.16693729079474e-05,-0.00498612331107317,15.64,15.88,52.08
"Backreef",0,7,"0",689.203186035156,1.67484316642742,6.03005030793936,2.16693729079474e-05,-0.00498612331107317,10.04,21.36,49.96
"Forereef",0,0,"0",1013.001953125,14.0766256823957,14.0214324141688,-0.0172021244703139,-0.0479927140209984,47.0783783783784,4.44285714285714,49.0842105263158
"Forereef",3,2,"0",1013.001953125,14.0766256823957,14.0214324141688,-0.0172021244703139,-0.0479927140209984,44.5916666666667,2.54166666666667,52.0805555555556
"Forereef",9,0,"0",1013.001953125,14.0766256823957,14.0214324141688,-0.0172021244703139,-0.0479927140209984,21.7973684210526,13.4894736842105,63.3815789473684
"Forereef",5,0,"0",1013.001953125,14.0766256823957,14.0214324141688,-0.0172021244703139,-0.0479927140209984,6.41621621621622,13.2702702702703,79.5297297297297
"Forereef",0,1,"3",1013.001953125,14.0766256823957,14.0214324141688,-0.0172021244703139,-0.0479927140209984,0.344736842105263,20.3131578947368,78.7605263157895
"Forereef",0,0,"2",1013.001953125,14.0766256823957,14.0214324141688,-0.0172021244703139,-0.0479927140209984,0.236842105263158,8.61578947368421,90.4868421052632
"Forereef",0,1,"1",1013.001953125,14.0766256823957,14.0214324141688,-0.0172021244703139,-0.0479927140209984,3.24736842105263,11.9447368421053,83.6736842105263
"Forereef",0,1,"0",1013.001953125,14.0766256823957,14.0214324141688,-0.0172021244703139,-0.0479927140209984,13.5710526315789,11.4684210526316,73.3394736842105
"Forereef",0,0,"0",1013.001953125,14.0766256823957,14.0214324141688,-0.0172021244703139,-0.0479927140209984,31.3973684210526,5.84210526315789,61.2157894736842
"Forereef",0,0,"0",1013.001953125,14.0766256823957,14.0214324141688,-0.0172021244703139,-0.0479927140209984,53.9594594594595,1.07297297297297,43.9162162162162
"Forereef",0,5,"0",1013.001953125,14.0766256823957,14.0214324141688,-0.0172021244703139,-0.0479927140209984,67.8864864864865,2.89189189189189,28.1756756756757
"Forereef",0,3,"0",1013.001953125,14.0766256823957,14.0214324141688,-0.0172021244703139,-0.0479927140209984,74.1324324324324,1.07297297297297,20.2675675675676
"Forereef",0,0,"0",1013.001953125,14.0766256823957,14.0214324141688,-0.0172021244703139,-0.0479927140209984,80.272972972973,1.21081081081081,13.5891891891892
"Forereef",0,5,"0",1013.001953125,14.0766256823957,14.0214324141688,-0.0172021244703139,-0.0479927140209984,80.5736842105263,0.726315789473684,11.95
"Forereef",0,2,"0",1013.001953125,14.0766256823957,14.0214324141688,-0.0172021244703139,-0.0479927140209984,14.7868421052632,20.9789473684211,53.4078947368421
"Forereef",0,0,"0",1013.001953125,14.0766256823957,14.0214324141688,-0.0172021244703139,-0.0479927140209984,9.37297297297297,26.3702702702703,62.5594594594595
"Forereef",0,0,"0",1013.001953125,14.0766256823957,14.0214324141688,-0.0172021244703139,-0.0479927140209984,5.11081081081081,29.8567567567568,63.9756756756757
"Forereef",1,0,"0",1013.001953125,14.0766256823957,14.0214324141688,-0.0172021244703139,-0.0479927140209984,3.35263157894737,32.8657894736842,60.2052631578947
"Forereef",3,7,"0",1013.001953125,14.0766256823957,14.0214324141688,-0.0172021244703139,-0.0479927140209984,0.121052631578947,22.9131578947368,73.7052631578947
"Fringing",0,0,"0",49.4974746704102,6.48368374087184,4.7177292782105,-0.0213201511327024,-0.00464518967849142,32.427027027027,1.55,53.1
"Fringing",0,2,"0",49.4974746704102,6.48368374087184,4.7177292782105,-0.0213201511327024,-0.00464518967849142,26.01,0.605,59.435
"Fringing",0,0,"0",49.4974746704102,6.48368374087184,4.7177292782105,-0.0213201511327024,-0.00464518967849142,30.755,1.355,42.2575
"Fringing",4,0,"0",49.4974746704102,6.48368374087184,4.7177292782105,-0.0213201511327024,-0.00464518967849142,34.93,1.415,46.745
"Fringing",1,1,"3",49.4974746704102,6.48368374087184,4.7177292782105,-0.0213201511327024,-0.00464518967849142,35.11,0.81,39.7675
"Fringing",2,0,"2",49.4974746704102,6.48368374087184,4.7177292782105,-0.0213201511327024,-0.00464518967849142,29.3846153846154,7.84102564102564,45.9487179487179
"Fringing",1,1,"1",49.4974746704102,6.48368374087184,4.7177292782105,-0.0213201511327024,-0.00464518967849142,10.3375,33.0175,41.66
"Fringing",0,1,"0",49.4974746704102,6.48368374087184,4.7177292782105,-0.0213201511327024,-0.00464518967849142,6.8025641025641,11.4410256410256,63.3
"Fringing",0,0,"0",49.4974746704102,6.48368374087184,4.7177292782105,-0.0213201511327024,-0.00464518967849142,3.69210526315789,11.2131578947368,57.0105263157895
"Fringing",0,0,"0",49.4974746704102,6.48368374087184,4.7177292782105,-0.0213201511327024,-0.00464518967849142,3.085,31.1125,42.905
"Fringing",0,5,"0",49.4974746704102,6.48368374087184,4.7177292782105,-0.0213201511327024,-0.00464518967849142,2.8025,34.205,47.115
"Fringing",0,3,"0",49.4974746704102,6.48368374087184,4.7177292782105,-0.0213201511327024,-0.00464518967849142,2.43333333333333,29.6538461538462,43.3
"Fringing",0,0,"0",49.4974746704102,6.48368374087184,4.7177292782105,-0.0213201511327024,-0.00464518967849142,3.64,18.97,34.5775
"Fringing",0,5,"0",49.4974746704102,6.48368374087184,4.7177292782105,-0.0213201511327024,-0.00464518967849142,4.2175,26.8275,13.95
"Fringing",0,2,"0",49.4974746704102,6.48368374087184,4.7177292782105,-0.0213201511327024,-0.00464518967849142,5.42564102564103,6.97435897435897,0
"Fringing",0,0,"0",49.4974746704102,6.48368374087184,4.7177292782105,-0.0213201511327024,-0.00464518967849142,6.695,24.7575,56.0475
"Fringing",0,0,"0",49.4974746704102,6.48368374087184,4.7177292782105,-0.0213201511327024,-0.00464518967849142,6.3525,37.7475,50.05
"Fringing",0,0,"0",49.4974746704102,6.48368374087184,4.7177292782105,-0.0213201511327024,-0.00464518967849142,7.08974358974359,32.8025641025641,45.0410256410256
"Fringing",0,7,"0",49.4974746704102,6.48368374087184,4.7177292782105,-0.0213201511327024,-0.00464518967849142,6.97948717948718,32.1641025641026,46.8615384615385
"Backreef",0,0,"0",326.534851074219,1.75646683847264,7.40985217065063,-0.000791295948913667,-0.00738083160843787,20.3265306122449,3.61224489795918,46.765306122449
"Backreef",1,2,"0",326.534851074219,1.75646683847264,7.40985217065063,-0.000791295948913667,-0.00738083160843787,26.4,1.84,51.28
"Backreef",6,0,"0",326.534851074219,1.75646683847264,7.40985217065063,-0.000791295948913667,-0.00738083160843787,25.6,0.24,57.84
"Backreef",12,0,"0",326.534851074219,1.75646683847264,7.40985217065063,-0.000791295948913667,-0.00738083160843787,30.32,3.84,49.32
"Backreef",2,1,"3",326.534851074219,1.75646683847264,7.40985217065063,-0.000791295948913667,-0.00738083160843787,20.4,9.36,49.44
"Backreef",2,0,"2",326.534851074219,1.75646683847264,7.40985217065063,-0.000791295948913667,-0.00738083160843787,11.3333333333333,8.125,63.5833333333333
"Backreef",0,1,"1",326.534851074219,1.75646683847264,7.40985217065063,-0.000791295948913667,-0.00738083160843787,11.7959183673469,15.7551020408163,50.4591836734694
"Backreef",0,1,"0",326.534851074219,1.75646683847264,7.40985217065063,-0.000791295948913667,-0.00738083160843787,14.72,13,53.2
"Backreef",0,0,"0",326.534851074219,1.75646683847264,7.40985217065063,-0.000791295948913667,-0.00738083160843787,11.6,17.6,48.76
"Backreef",0,0,"0",326.534851074219,1.75646683847264,7.40985217065063,-0.000791295948913667,-0.00738083160843787,5.68,25.44,45.28
"Backreef",0,5,"0",326.534851074219,1.75646683847264,7.40985217065063,-0.000791295948913667,-0.00738083160843787,3.04,28.28,42.6
"Backreef",0,3,"0",326.534851074219,1.75646683847264,7.40985217065063,-0.000791295948913667,-0.00738083160843787,3.36,24.57,51.01
"Backreef",0,0,"0",326.534851074219,1.75646683847264,7.40985217065063,-0.000791295948913667,-0.00738083160843787,4.05,31.3,44.8
"Backreef",0,5,"0",326.534851074219,1.75646683847264,7.40985217065063,-0.000791295948913667,-0.00738083160843787,3.7979797979798,27.3131313131313,39.5959595959596
"Backreef",0,2,"0",326.534851074219,1.75646683847264,7.40985217065063,-0.000791295948913667,-0.00738083160843787,5.95918367346939,20.1326530612245,47.5612244897959
"Backreef",0,0,"0",326.534851074219,1.75646683847264,7.40985217065063,-0.000791295948913667,-0.00738083160843787,3.39393939393939,24.989898989899,46.9292929292929
"Backreef",0,0,"0",326.534851074219,1.75646683847264,7.40985217065063,-0.000791295948913667,-0.00738083160843787,4,24.36,44
"Backreef",0,0,"0",326.534851074219,1.75646683847264,7.40985217065063,-0.000791295948913667,-0.00738083160843787,4.44,29.8,42.2
"Backreef",8,7,"0",326.534851074219,1.75646683847264,7.40985217065063,-0.000791295948913667,-0.00738083160843787,5.21212121212121,22.6666666666667,35.5151515151515
"Forereef",0,0,"0",960.416564941406,10.3359749356207,11.5762346990554,-0.00184270358003419,-0.0364705235800275,28.8575,5.13513513513514,64.695
"Forereef",3,2,"0",960.416564941406,10.3359749356207,11.5762346990554,-0.00184270358003419,-0.0364705235800275,19.17,4.8175,73.975
"Forereef",12,0,"0",960.416564941406,10.3359749356207,11.5762346990554,-0.00184270358003419,-0.0364705235800275,8.1775,7.8075,80.8175
"Forereef",11,0,"0",960.416564941406,10.3359749356207,11.5762346990554,-0.00184270358003419,-0.0364705235800275,4.6525,15.0325,78.3325
"Forereef",0,1,"3",960.416564941406,10.3359749356207,11.5762346990554,-0.00184270358003419,-0.0364705235800275,3.36410256410256,2.82564102564103,92.9076923076923
"Forereef",0,0,"2",960.416564941406,10.3359749356207,11.5762346990554,-0.00184270358003419,-0.0364705235800275,1.9,10.2875,85.1725
"Forereef",0,1,"1",960.416564941406,10.3359749356207,11.5762346990554,-0.00184270358003419,-0.0364705235800275,4.7075,14.0575,79.36
"Forereef",0,1,"0",960.416564941406,10.3359749356207,11.5762346990554,-0.00184270358003419,-0.0364705235800275,11.4,11.5325,73.065
"Forereef",0,0,"0",960.416564941406,10.3359749356207,11.5762346990554,-0.00184270358003419,-0.0364705235800275,21.53,6.6125,68.6875
"Forereef",0,0,"0",960.416564941406,10.3359749356207,11.5762346990554,-0.00184270358003419,-0.0364705235800275,34.99,7.715,52.7225
"Forereef",0,5,"0",960.416564941406,10.3359749356207,11.5762346990554,-0.00184270358003419,-0.0364705235800275,43.4210526315789,10.3421052631579,41
"Forereef",0,3,"0",960.416564941406,10.3359749356207,11.5762346990554,-0.00184270358003419,-0.0364705235800275,55.1641025641026,3.36410256410256,31.4564102564103
"Forereef",0,0,"0",960.416564941406,10.3359749356207,11.5762346990554,-0.00184270358003419,-0.0364705235800275,62.2825,2.495,23.6425
"Forereef",0,5,"0",960.416564941406,10.3359749356207,11.5762346990554,-0.00184270358003419,-0.0364705235800275,66.0425,2.3575,19.08
"Forereef",0,2,"0",960.416564941406,10.3359749356207,11.5762346990554,-0.00184270358003419,-0.0364705235800275,17.895,30.11,42.515
"Forereef",0,0,"0",960.416564941406,10.3359749356207,11.5762346990554,-0.00184270358003419,-0.0364705235800275,11.535,30.52,55.8
"Forereef",1,0,"0",960.416564941406,10.3359749356207,11.5762346990554,-0.00184270358003419,-0.0364705235800275,8.91794871794872,26.1051282051282,63.0692307692308
"Forereef",6,0,"0",960.416564941406,10.3359749356207,11.5762346990554,-0.00184270358003419,-0.0364705235800275,6.82857142857143,27.3628571428571,63.44
"Forereef",9,7,"0",960.416564941406,10.3359749356207,11.5762346990554,-0.00184270358003419,-0.0364705235800275,0.935897435897436,19.1769230769231,77.5717948717949
"Fringing",0,0,"0",34,4.75168808294379,9.49143518648245,-0.0076195560927008,-0.00999004518160919,46.9842105263158,2.9,49.8923076923077
"Fringing",0,2,"0",34,4.75168808294379,9.49143518648245,-0.0076195560927008,-0.00999004518160919,46.945,0.655,43.38
"Fringing",12,0,"0",34,4.75168808294379,9.49143518648245,-0.0076195560927008,-0.00999004518160919,44.1075,0.8175,42.36
"Fringing",3,0,"0",34,4.75168808294379,9.49143518648245,-0.0076195560927008,-0.00999004518160919,44.4575,1.39,39.3625
"Fringing",0,1,"3",34,4.75168808294379,9.49143518648245,-0.0076195560927008,-0.00999004518160919,39.6525,0.8825,58.1375
"Fringing",0,0,"2",34,4.75168808294379,9.49143518648245,-0.0076195560927008,-0.00999004518160919,25.7307692307692,3.75384615384615,61.225641025641
"Fringing",0,1,"1",34,4.75168808294379,9.49143518648245,-0.0076195560927008,-0.00999004518160919,18.6631578947368,4.68684210526316,73.3157894736842
"Fringing",0,1,"0",34,4.75168808294379,9.49143518648245,-0.0076195560927008,-0.00999004518160919,15.2473684210526,1.78421052631579,73.2815789473684
"Fringing",0,0,"0",34,4.75168808294379,9.49143518648245,-0.0076195560927008,-0.00999004518160919,7.17837837837838,8.38108108108108,80.8054054054054
"Fringing",0,0,"0",34,4.75168808294379,9.49143518648245,-0.0076195560927008,-0.00999004518160919,2.98421052631579,11.3578947368421,80.9368421052632
"Fringing",0,5,"0",34,4.75168808294379,9.49143518648245,-0.0076195560927008,-0.00999004518160919,1.71052631578947,16.0552631578947,81.25
"Fringing",0,3,"0",34,4.75168808294379,9.49143518648245,-0.0076195560927008,-0.00999004518160919,2.38421052631579,19.95,65.55
"Fringing",0,0,"0",34,4.75168808294379,9.49143518648245,-0.0076195560927008,-0.00999004518160919,2.825,17.3972222222222,41.475
"Fringing",0,5,"0",34,4.75168808294379,9.49143518648245,-0.0076195560927008,-0.00999004518160919,3.14736842105263,52.9631578947368,19.0657894736842
"Fringing",0,2,"0",34,4.75168808294379,9.49143518648245,-0.0076195560927008,-0.00999004518160919,3.71052631578947,26.4210526315789,0
"Fringing",0,0,"0",34,4.75168808294379,9.49143518648245,-0.0076195560927008,-0.00999004518160919,3.85675675675676,27.7675675675676,66.8
"Fringing",0,0,"0",34,4.75168808294379,9.49143518648245,-0.0076195560927008,-0.00999004518160919,2.85263157894737,31.0052631578947,64.2
"Fringing",0,0,"0",34,4.75168808294379,9.49143518648245,-0.0076195560927008,-0.00999004518160919,2.1027027027027,20.6594594594595,71.8243243243243
"Fringing",5,7,"0",34,4.75168808294379,9.49143518648245,-0.0076195560927008,-0.00999004518160919,1.60833333333333,24.2833333333333,72.85
"Backreef",1,0,"0",479.025054931641,1.62792028605272,12.4794035335989,-0.000883166541358143,-0.0042209202834104,31.5473684210526,0.336842105263158,31.3894736842105
"Backreef",0,2,"0",479.025054931641,1.62792028605272,12.4794035335989,-0.000883166541358143,-0.0042209202834104,43.6,0,40.56
"Backreef",0,0,"0",479.025054931641,1.62792028605272,12.4794035335989,-0.000883166541358143,-0.0042209202834104,47.28,0.16,31.12
"Backreef",0,0,"0",479.025054931641,1.62792028605272,12.4794035335989,-0.000883166541358143,-0.0042209202834104,39,0.16,33.92
"Backreef",0,1,"3",479.025054931641,1.62792028605272,12.4794035335989,-0.000883166541358143,-0.0042209202834104,42.12,1.32,25.4
"Backreef",0,0,"2",479.025054931641,1.62792028605272,12.4794035335989,-0.000883166541358143,-0.0042209202834104,33.0721649484536,1.60824742268041,32.4948453608247
"Backreef",0,1,"1",479.025054931641,1.62792028605272,12.4794035335989,-0.000883166541358143,-0.0042209202834104,24.1979166666667,9.5625,37.9583333333333
"Backreef",0,1,"0",479.025054931641,1.62792028605272,12.4794035335989,-0.000883166541358143,-0.0042209202834104,24.82,4.08,39.42
"Backreef",0,0,"0",479.025054931641,1.62792028605272,12.4794035335989,-0.000883166541358143,-0.0042209202834104,18.4242424242424,13.0909090909091,33.4545454545455
"Backreef",0,0,"0",479.025054931641,1.62792028605272,12.4794035335989,-0.000883166541358143,-0.0042209202834104,13.96,8.69,53.02
"Backreef",0,5,"0",479.025054931641,1.62792028605272,12.4794035335989,-0.000883166541358143,-0.0042209202834104,14.4,9.525,50.425
"Backreef",0,3,"0",479.025054931641,1.62792028605272,12.4794035335989,-0.000883166541358143,-0.0042209202834104,19.2,14.7333333333333,45.2
"Backreef",0,0,"0",479.025054931641,1.62792028605272,12.4794035335989,-0.000883166541358143,-0.0042209202834104,12.2,17.94,37.37
"Backreef",0,5,"0",479.025054931641,1.62792028605272,12.4794035335989,-0.000883166541358143,-0.0042209202834104,12.1616161616162,5.57575757575758,54.0606060606061
"Backreef",0,2,"0",479.025054931641,1.62792028605272,12.4794035335989,-0.000883166541358143,-0.0042209202834104,14.8453608247423,8.15463917525773,48.7525773195876
"Backreef",0,0,"0",479.025054931641,1.62792028605272,12.4794035335989,-0.000883166541358143,-0.0042209202834104,24.1264367816092,9.31034482758621,43.9770114942529
"Backreef",0,0,"0",479.025054931641,1.62792028605272,12.4794035335989,-0.000883166541358143,-0.0042209202834104,18.7878787878788,11.3939393939394,41.0909090909091
"Backreef",0,0,"0",479.025054931641,1.62792028605272,12.4794035335989,-0.000883166541358143,-0.0042209202834104,19.3939393939394,11.4747474747475,36.4848484848485
"Backreef",6,7,"0",479.025054931641,1.62792028605272,12.4794035335989,-0.000883166541358143,-0.0042209202834104,17.4,10.64,40.8
"Forereef",0,0,"0",772.36328125,20.7710248673683,10.8186946758962,-0.0108492303983285,-0.00544296193894909,40.5425,3.40357142857143,55.72
"Forereef",2,2,"0",772.36328125,20.7710248673683,10.8186946758962,-0.0108492303983285,-0.00544296193894909,31.5897435897436,3.97435897435897,63.9333333333333
"Forereef",6,0,"0",772.36328125,20.7710248673683,10.8186946758962,-0.0108492303983285,-0.00544296193894909,10.08,16.155,73.3025
"Forereef",3,0,"0",772.36328125,20.7710248673683,10.8186946758962,-0.0108492303983285,-0.00544296193894909,0.675,13.97,84.915
"Forereef",0,1,"3",772.36328125,20.7710248673683,10.8186946758962,-0.0108492303983285,-0.00544296193894909,0.554054054054054,1.47027027027027,97.8297297297297
"Forereef",0,0,"2",772.36328125,20.7710248673683,10.8186946758962,-0.0108492303983285,-0.00544296193894909,0.395,1.8075,97.2525
"Forereef",0,1,"1",772.36328125,20.7710248673683,10.8186946758962,-0.0108492303983285,-0.00544296193894909,0.905,9.425,89.66
"Forereef",0,1,"0",772.36328125,20.7710248673683,10.8186946758962,-0.0108492303983285,-0.00544296193894909,1.95384615384615,3.33589743589744,83.8461538461538
"Forereef",0,0,"0",772.36328125,20.7710248673683,10.8186946758962,-0.0108492303983285,-0.00544296193894909,4.565,2.2175,88.3575
"Forereef",0,0,"0",772.36328125,20.7710248673683,10.8186946758962,-0.0108492303983285,-0.00544296193894909,4.2625,3.955,83.365
"Forereef",0,5,"0",772.36328125,20.7710248673683,10.8186946758962,-0.0108492303983285,-0.00544296193894909,6.46315789473684,4.98421052631579,72.5105263157895
"Forereef",0,3,"0",772.36328125,20.7710248673683,10.8186946758962,-0.0108492303983285,-0.00544296193894909,7.59230769230769,3.31025641025641,67.7615384615385
"Forereef",0,0,"0",772.36328125,20.7710248673683,10.8186946758962,-0.0108492303983285,-0.00544296193894909,13.0375,6.58,56.78
"Forereef",0,5,"0",772.36328125,20.7710248673683,10.8186946758962,-0.0108492303983285,-0.00544296193894909,14.705,8.7825,43.2075
"Forereef",0,2,"0",772.36328125,20.7710248673683,10.8186946758962,-0.0108492303983285,-0.00544296193894909,10.895,16.235,55.13
"Forereef",0,0,"0",772.36328125,20.7710248673683,10.8186946758962,-0.0108492303983285,-0.00544296193894909,14.6692307692308,16.6076923076923,65.8615384615385
"Forereef",1,0,"0",772.36328125,20.7710248673683,10.8186946758962,-0.0108492303983285,-0.00544296193894909,12.7725,16.795,67.8
"Forereef",2,0,"0",772.36328125,20.7710248673683,10.8186946758962,-0.0108492303983285,-0.00544296193894909,12.2410256410256,19.3230769230769,64.5820512820513
"Forereef",6,7,"0",772.36328125,20.7710248673683,10.8186946758962,-0.0108492303983285,-0.00544296193894909,3.53333333333333,20.2794871794872,73.1641025641026
"Fringing",0,0,"0",184.45866394043,14.0704111603677,11.5390009438574,-0.0113445894664945,-0.00383453987075109,20.5578947368421,1.01428571428571,60.8263157894737
"Fringing",0,2,"0",184.45866394043,14.0704111603677,11.5390009438574,-0.0113445894664945,-0.00383453987075109,21.0435897435897,0.279487179487179,68.3615384615385
"Fringing",1,0,"0",184.45866394043,14.0704111603677,11.5390009438574,-0.0113445894664945,-0.00383453987075109,27.92,0.975,43.575
"Fringing",0,0,"0",184.45866394043,14.0704111603677,11.5390009438574,-0.0113445894664945,-0.00383453987075109,22.0384615384615,0.664102564102564,55.6128205128205
"Fringing",3,1,"3",184.45866394043,14.0704111603677,11.5390009438574,-0.0113445894664945,-0.00383453987075109,13.2725,0.1975,59.2075
"Fringing",2,0,"2",184.45866394043,14.0704111603677,11.5390009438574,-0.0113445894664945,-0.00383453987075109,7.2,0.5125,70.63
"Fringing",0,1,"1",184.45866394043,14.0704111603677,11.5390009438574,-0.0113445894664945,-0.00383453987075109,5.67,0.6225,75.19
"Fringing",0,1,"0",184.45866394043,14.0704111603677,11.5390009438574,-0.0113445894664945,-0.00383453987075109,6.6675,0.205,67.1575
"Fringing",0,0,"0",184.45866394043,14.0704111603677,11.5390009438574,-0.0113445894664945,-0.00383453987075109,6.03076923076923,0.130769230769231,64.7717948717949
"Fringing",0,0,"0",184.45866394043,14.0704111603677,11.5390009438574,-0.0113445894664945,-0.00383453987075109,5.5325,1.1025,62.3525
"Fringing",0,5,"0",184.45866394043,14.0704111603677,11.5390009438574,-0.0113445894664945,-0.00383453987075109,5.775,3.985,75.67
"Fringing",0,3,"0",184.45866394043,14.0704111603677,11.5390009438574,-0.0113445894664945,-0.00383453987075109,2.15128205128205,14.3692307692308,44.4846153846154
"Fringing",0,0,"0",184.45866394043,14.0704111603677,11.5390009438574,-0.0113445894664945,-0.00383453987075109,2.0325,3.49,51.63
"Fringing",0,5,"0",184.45866394043,14.0704111603677,11.5390009438574,-0.0113445894664945,-0.00383453987075109,3.63157894736842,7.29210526315789,17.0973684210526
"Fringing",0,2,"0",184.45866394043,14.0704111603677,11.5390009438574,-0.0113445894664945,-0.00383453987075109,2.24102564102564,0.230769230769231,0
"Fringing",0,0,"0",184.45866394043,14.0704111603677,11.5390009438574,-0.0113445894664945,-0.00383453987075109,2.915,3.64,72.0875
"Fringing",0,0,"0",184.45866394043,14.0704111603677,11.5390009438574,-0.0113445894664945,-0.00383453987075109,1.97894736842105,1.85526315789474,74.2131578947368
"Fringing",0,0,"0",184.45866394043,14.0704111603677,11.5390009438574,-0.0113445894664945,-0.00383453987075109,3.9325,6.2875,59.9
"Fringing",2,7,"0",184.45866394043,14.0704111603677,11.5390009438574,-0.0113445894664945,-0.00383453987075109,2.825,12.26,63.52
"Backreef",1,0,"0",536.928283691406,1.49615430946074,5.84301150526167,-1.75953269875436e-05,-0.00200399283749042,37.6,0.28,37.12
"Backreef",0,2,"0",536.928283691406,1.49615430946074,5.84301150526167,-1.75953269875436e-05,-0.00200399283749042,39.92,0.08,34.72
"Backreef",0,0,"0",536.928283691406,1.49615430946074,5.84301150526167,-1.75953269875436e-05,-0.00200399283749042,36.56,0.08,40.56
"Backreef",0,0,"0",536.928283691406,1.49615430946074,5.84301150526167,-1.75953269875436e-05,-0.00200399283749042,45.6060606060606,0.202020202020202,40.4141414141414
"Backreef",0,1,"3",536.928283691406,1.49615430946074,5.84301150526167,-1.75953269875436e-05,-0.00200399283749042,48.12,0,24.36
"Backreef",0,0,"2",536.928283691406,1.49615430946074,5.84301150526167,-1.75953269875436e-05,-0.00200399283749042,41.2929292929293,0.404040404040404,29.2121212121212
"Backreef",1,1,"1",536.928283691406,1.49615430946074,5.84301150526167,-1.75953269875436e-05,-0.00200399283749042,30.9494949494949,0.96969696969697,37.6565656565657
"Backreef",2,1,"0",536.928283691406,1.49615430946074,5.84301150526167,-1.75953269875436e-05,-0.00200399283749042,37.27,0.64,41.41
"Backreef",0,0,"0",536.928283691406,1.49615430946074,5.84301150526167,-1.75953269875436e-05,-0.00200399283749042,35.32,5.2,31.97
"Backreef",0,0,"0",536.928283691406,1.49615430946074,5.84301150526167,-1.75953269875436e-05,-0.00200399283749042,25.6,6.2,37.96
"Backreef",0,5,"0",536.928283691406,1.49615430946074,5.84301150526167,-1.75953269875436e-05,-0.00200399283749042,27.44,6.04,40.44
"Backreef",0,3,"0",536.928283691406,1.49615430946074,5.84301150526167,-1.75953269875436e-05,-0.00200399283749042,29.92,4.04,36.44
"Backreef",0,0,"0",536.928283691406,1.49615430946074,5.84301150526167,-1.75953269875436e-05,-0.00200399283749042,31.8787878787879,12.4444444444444,34.4646464646465
"Backreef",0,5,"0",536.928283691406,1.49615430946074,5.84301150526167,-1.75953269875436e-05,-0.00200399283749042,31.5918367346939,11.2244897959184,37.7959183673469
"Backreef",0,2,"0",536.928283691406,1.49615430946074,5.84301150526167,-1.75953269875436e-05,-0.00200399283749042,30.6947368421053,6.61052631578947,49.3894736842105
"Backreef",0,0,"0",536.928283691406,1.49615430946074,5.84301150526167,-1.75953269875436e-05,-0.00200399283749042,40.5729166666667,8.46875,38.4166666666667
"Backreef",0,0,"0",536.928283691406,1.49615430946074,5.84301150526167,-1.75953269875436e-05,-0.00200399283749042,37.52,18.88,27.92
"Backreef",0,0,"0",536.928283691406,1.49615430946074,5.84301150526167,-1.75953269875436e-05,-0.00200399283749042,44.9292929292929,5.93939393939394,29.9393939393939
"Backreef",0,7,"0",536.928283691406,1.49615430946074,5.84301150526167,-1.75953269875436e-05,-0.00200399283749042,40.14,12.82,22.12
"Forereef",0,0,"0",789.808227539062,29.0611264877851,16.6166781698411,-0.0131129061549375,-0.0243584448251311,36.025641025641,0.983333333333333,61.148717948718
"Forereef",1,2,"0",789.808227539062,29.0611264877851,16.6166781698411,-0.0131129061549375,-0.0243584448251311,31.3342857142857,0.58,66.3485714285714
"Forereef",41,0,"0",789.808227539062,29.0611264877851,16.6166781698411,-0.0131129061549375,-0.0243584448251311,32.2552631578947,6.12631578947368,57.7526315789474
"Forereef",20,0,"0",789.808227539062,29.0611264877851,16.6166781698411,-0.0131129061549375,-0.0243584448251311,15.9542857142857,9.38285714285714,72.1828571428571
"Forereef",3,1,"3",789.808227539062,29.0611264877851,16.6166781698411,-0.0131129061549375,-0.0243584448251311,7.28333333333333,1.72777777777778,88.2361111111111
"Forereef",0,0,"2",789.808227539062,29.0611264877851,16.6166781698411,-0.0131129061549375,-0.0243584448251311,3.45897435897436,1.83076923076923,91.8564102564103
"Forereef",0,1,"1",789.808227539062,29.0611264877851,16.6166781698411,-0.0131129061549375,-0.0243584448251311,3.2125,5.4875,90.35625
"Forereef",0,1,"0",789.808227539062,29.0611264877851,16.6166781698411,-0.0131129061549375,-0.0243584448251311,8.60769230769231,2.61025641025641,83.6897435897436
"Forereef",0,0,"0",789.808227539062,29.0611264877851,16.6166781698411,-0.0131129061549375,-0.0243584448251311,12.3846153846154,0.661538461538462,81.051282051282
"Forereef",0,0,"0",789.808227539062,29.0611264877851,16.6166781698411,-0.0131129061549375,-0.0243584448251311,19.1842105263158,0.628947368421053,75.8236842105263
"Forereef",0,5,"0",789.808227539062,29.0611264877851,16.6166781698411,-0.0131129061549375,-0.0243584448251311,32.5621621621622,0.77027027027027,57.2810810810811
"Forereef",0,3,"0",789.808227539062,29.0611264877851,16.6166781698411,-0.0131129061549375,-0.0243584448251311,30.6675675675676,0.243243243243243,53.3432432432432
"Forereef",0,0,"0",789.808227539062,29.0611264877851,16.6166781698411,-0.0131129061549375,-0.0243584448251311,42.9216216216216,0.197297297297297,44.0648648648649
"Forereef",0,5,"0",789.808227539062,29.0611264877851,16.6166781698411,-0.0131129061549375,-0.0243584448251311,40.4594594594595,0.4,41.4378378378378
"Forereef",0,2,"0",789.808227539062,29.0611264877851,16.6166781698411,-0.0131129061549375,-0.0243584448251311,33.565,3.3925,49.675
"Forereef",0,0,"0",789.808227539062,29.0611264877851,16.6166781698411,-0.0131129061549375,-0.0243584448251311,28.1783783783784,7.90810810810811,62.7675675675676
"Forereef",0,0,"0",789.808227539062,29.0611264877851,16.6166781698411,-0.0131129061549375,-0.0243584448251311,28.8763157894737,8.89473684210526,60.1526315789474
"Forereef",0,0,"0",789.808227539062,29.0611264877851,16.6166781698411,-0.0131129061549375,-0.0243584448251311,14.3,5.95897435897436,76.0820512820513
"Forereef",20,7,"0",789.808227539062,29.0611264877851,16.6166781698411,-0.0131129061549375,-0.0243584448251311,14.9179487179487,5.28717948717949,76.4692307692308
"Fringing",0,0,"0",36.6742401123047,8.58714296682092,4.32665166571827,-0.0203333118703857,-0.00263349343687454,27.7179487179487,1.36666666666667,43.0325
"Fringing",0,2,"0",36.6742401123047,8.58714296682092,4.32665166571827,-0.0203333118703857,-0.00263349343687454,26.05,0.195,57.9875
"Fringing",0,0,"0",36.6742401123047,8.58714296682092,4.32665166571827,-0.0203333118703857,-0.00263349343687454,28.7225,1.7,25.6775
"Fringing",0,0,"0",36.6742401123047,8.58714296682092,4.32665166571827,-0.0203333118703857,-0.00263349343687454,19.215,1.045,31.9975
"Fringing",0,1,"3",36.6742401123047,8.58714296682092,4.32665166571827,-0.0203333118703857,-0.00263349343687454,16.4875,0.18,28.9
"Fringing",3,0,"2",36.6742401123047,8.58714296682092,4.32665166571827,-0.0203333118703857,-0.00263349343687454,18.5875,2.285,36.02
"Fringing",2,1,"1",36.6742401123047,8.58714296682092,4.32665166571827,-0.0203333118703857,-0.00263349343687454,16.34,1.315,28.9325
"Fringing",0,1,"0",36.6742401123047,8.58714296682092,4.32665166571827,-0.0203333118703857,-0.00263349343687454,19.0615384615385,0.115384615384615,26.9589743589744
"Fringing",1,0,"0",36.6742401123047,8.58714296682092,4.32665166571827,-0.0203333118703857,-0.00263349343687454,9.8575,4.6675,24.7525
"Fringing",0,0,"0",36.6742401123047,8.58714296682092,4.32665166571827,-0.0203333118703857,-0.00263349343687454,8.05675675675676,3.0027027027027,23.9405405405405
"Fringing",0,5,"0",36.6742401123047,8.58714296682092,4.32665166571827,-0.0203333118703857,-0.00263349343687454,11.2175,5.3125,22.0075
"Fringing",0,3,"0",36.6742401123047,8.58714296682092,4.32665166571827,-0.0203333118703857,-0.00263349343687454,12.9675,2.04,23.385
"Fringing",0,0,"0",36.6742401123047,8.58714296682092,4.32665166571827,-0.0203333118703857,-0.00263349343687454,12.474358974359,4.35384615384615,18.9846153846154
"Fringing",0,5,"0",36.6742401123047,8.58714296682092,4.32665166571827,-0.0203333118703857,-0.00263349343687454,12.9175,3.7225,6.5525
"Fringing",0,2,"0",36.6742401123047,8.58714296682092,4.32665166571827,-0.0203333118703857,-0.00263349343687454,10.94,0.1475,0
"Fringing",0,0,"0",36.6742401123047,8.58714296682092,4.32665166571827,-0.0203333118703857,-0.00263349343687454,13.8625,4.035,31.5575
"Fringing",0,0,"0",36.6742401123047,8.58714296682092,4.32665166571827,-0.0203333118703857,-0.00263349343687454,10.1384615384615,3.13589743589744,25.8615384615385
"Fringing",0,0,"0",36.6742401123047,8.58714296682092,4.32665166571827,-0.0203333118703857,-0.00263349343687454,9.5825,3.5825,42.4025
"Fringing",0,7,"0",36.6742401123047,8.58714296682092,4.32665166571827,-0.0203333118703857,-0.00263349343687454,12.545,5.495,23.755
"Backreef",1,0,"0",945.119018554688,1.38570969152829,2.33792822987306,-5.87447732471909e-05,-0.000103048248517157,23.6363636363636,0.282828282828283,30.8181818181818
"Backreef",0,2,"0",945.119018554688,1.38570969152829,2.33792822987306,-5.87447732471909e-05,-0.000103048248517157,24,0.24,46.16
"Backreef",0,0,"0",945.119018554688,1.38570969152829,2.33792822987306,-5.87447732471909e-05,-0.000103048248517157,31.04,0.16,33.76
"Backreef",0,0,"0",945.119018554688,1.38570969152829,2.33792822987306,-5.87447732471909e-05,-0.000103048248517157,33.6701030927835,0.206185567010309,35.680412371134
"Backreef",0,1,"3",945.119018554688,1.38570969152829,2.33792822987306,-5.87447732471909e-05,-0.000103048248517157,36.07,0.28,29.92
"Backreef",0,0,"2",945.119018554688,1.38570969152829,2.33792822987306,-5.87447732471909e-05,-0.000103048248517157,28.3298969072165,0.577319587628866,34.8041237113402
"Backreef",0,1,"1",945.119018554688,1.38570969152829,2.33792822987306,-5.87447732471909e-05,-0.000103048248517157,26.9866666666667,1.12,32.16
"Backreef",5,1,"0",945.119018554688,1.38570969152829,2.33792822987306,-5.87447732471909e-05,-0.000103048248517157,22.4848484848485,0.757575757575758,44.6363636363636
"Backreef",0,0,"0",945.119018554688,1.38570969152829,2.33792822987306,-5.87447732471909e-05,-0.000103048248517157,21.9494949494949,1.77777777777778,41
"Backreef",0,0,"0",945.119018554688,1.38570969152829,2.33792822987306,-5.87447732471909e-05,-0.000103048248517157,16.96,2.66,40.23
"Backreef",0,5,"0",945.119018554688,1.38570969152829,2.33792822987306,-5.87447732471909e-05,-0.000103048248517157,20.6,6.8,38.8
"Backreef",0,3,"0",945.119018554688,1.38570969152829,2.33792822987306,-5.87447732471909e-05,-0.000103048248517157,22.15,4.8,41.8
"Backreef",0,0,"0",945.119018554688,1.38570969152829,2.33792822987306,-5.87447732471909e-05,-0.000103048248517157,20.56,7.6,38.08
"Backreef",0,5,"0",945.119018554688,1.38570969152829,2.33792822987306,-5.87447732471909e-05,-0.000103048248517157,20.6938775510204,4.89795918367347,39.6326530612245
"Backreef",0,2,"0",945.119018554688,1.38570969152829,2.33792822987306,-5.87447732471909e-05,-0.000103048248517157,18.7368421052632,4,56.5614035087719
"Backreef",0,0,"0",945.119018554688,1.38570969152829,2.33792822987306,-5.87447732471909e-05,-0.000103048248517157,30.0104166666667,9.05208333333333,30.21875
"Backreef",0,0,"0",945.119018554688,1.38570969152829,2.33792822987306,-5.87447732471909e-05,-0.000103048248517157,26.6,7.12,29.44
"Backreef",0,0,"0",945.119018554688,1.38570969152829,2.33792822987306,-5.87447732471909e-05,-0.000103048248517157,21.5757575757576,5.21212121212121,29.5353535353535
"Backreef",0,7,"0",945.119018554688,1.38570969152829,2.33792822987306,-5.87447732471909e-05,-0.000103048248517157,24.2,9.16,32.44
"Forereef",0,0,"0",1383.35717773438,14.7955233831755,12.9663953899749,-0.0184375490264972,-0.0422830516231106,37.0717948717949,3.03076923076923,60.625641025641
"Forereef",0,2,"0",1383.35717773438,14.7955233831755,12.9663953899749,-0.0184375490264972,-0.0422830516231106,34.5925,4.655,60.38
"Forereef",1,0,"0",1383.35717773438,14.7955233831755,12.9663953899749,-0.0184375490264972,-0.0422830516231106,31.7583333333333,14.0916666666667,53.4416666666667
"Forereef",20,0,"0",1383.35717773438,14.7955233831755,12.9663953899749,-0.0184375490264972,-0.0422830516231106,25.8378378378378,15.3810810810811,58.3621621621622
"Forereef",2,1,"3",1383.35717773438,14.7955233831755,12.9663953899749,-0.0184375490264972,-0.0422830516231106,8.71515151515151,4.13939393939394,87.0212121212121
"Forereef",0,0,"2",1383.35717773438,14.7955233831755,12.9663953899749,-0.0184375490264972,-0.0422830516231106,8.08205128205128,15.6820512820513,75.9666666666667
"Forereef",0,1,"1",1383.35717773438,14.7955233831755,12.9663953899749,-0.0184375490264972,-0.0422830516231106,6.35,22.2236842105263,71.3131578947368
"Forereef",0,1,"0",1383.35717773438,14.7955233831755,12.9663953899749,-0.0184375490264972,-0.0422830516231106,11.5096774193548,13.4935483870968,73.5354838709677
"Forereef",0,0,"0",1383.35717773438,14.7955233831755,12.9663953899749,-0.0184375490264972,-0.0422830516231106,15.2666666666667,4.01025641025641,77.9102564102564
"Forereef",0,0,"0",1383.35717773438,14.7955233831755,12.9663953899749,-0.0184375490264972,-0.0422830516231106,23.4384615384615,1.6,70.4692307692308
"Forereef",0,5,"0",1383.35717773438,14.7955233831755,12.9663953899749,-0.0184375490264972,-0.0422830516231106,27.7333333333333,1.2,58.3277777777778
"Forereef",0,3,"0",1383.35717773438,14.7955233831755,12.9663953899749,-0.0184375490264972,-0.0422830516231106,36.3421052631579,0.655263157894737,48.7657894736842
"Forereef",0,0,"0",1383.35717773438,14.7955233831755,12.9663953899749,-0.0184375490264972,-0.0422830516231106,46.5921052631579,1.19736842105263,39.0789473684211
"Forereef",0,5,"0",1383.35717773438,14.7955233831755,12.9663953899749,-0.0184375490264972,-0.0422830516231106,45.4060606060606,0.827272727272727,36.1818181818182
"Forereef",0,2,"0",1383.35717773438,14.7955233831755,12.9663953899749,-0.0184375490264972,-0.0422830516231106,14.025,0.7075,65.6825
"Forereef",0,0,"0",1383.35717773438,14.7955233831755,12.9663953899749,-0.0184375490264972,-0.0422830516231106,21.1594594594595,19.0351351351351,56.1594594594595
"Forereef",0,0,"0",1383.35717773438,14.7955233831755,12.9663953899749,-0.0184375490264972,-0.0422830516231106,15.7368421052632,15.6684210526316,63.6184210526316
"Forereef",0,0,"0",1383.35717773438,14.7955233831755,12.9663953899749,-0.0184375490264972,-0.0422830516231106,10.4342857142857,7.6,77.9114285714286
"Forereef",9,7,"0",1383.35717773438,14.7955233831755,12.9663953899749,-0.0184375490264972,-0.0422830516231106,11.3921052631579,7.30263157894737,78.1973684210526
"Fringing",0,0,"0",482.954437255859,7.97971175885551,4.02250017630293,-0.00762994330914207,-0.00358436123172498,49.9333333333333,5.375,37.9540540540541
"Fringing",0,2,"0",482.954437255859,7.97971175885551,4.02250017630293,-0.00762994330914207,-0.00358436123172498,38.2166666666667,0.505555555555556,53.1444444444444
"Fringing",0,0,"0",482.954437255859,7.97971175885551,4.02250017630293,-0.00762994330914207,-0.00358436123172498,45.0342105263158,0.442105263157895,31.6289473684211
"Fringing",0,0,"0",482.954437255859,7.97971175885551,4.02250017630293,-0.00762994330914207,-0.00358436123172498,41.5615384615385,0.21025641025641,42.0641025641026
"Fringing",0,1,"3",482.954437255859,7.97971175885551,4.02250017630293,-0.00762994330914207,-0.00358436123172498,42.8641025641026,0.358974358974359,40.0948717948718
"Fringing",0,0,"2",482.954437255859,7.97971175885551,4.02250017630293,-0.00762994330914207,-0.00358436123172498,43.9108108108108,1.47297297297297,40.0135135135135
"Fringing",0,1,"1",482.954437255859,7.97971175885551,4.02250017630293,-0.00762994330914207,-0.00358436123172498,41.2461538461538,1.14358974358974,39.1589743589744
"Fringing",1,1,"0",482.954437255859,7.97971175885551,4.02250017630293,-0.00762994330914207,-0.00358436123172498,33.9583333333333,1.00833333333333,51.2388888888889
"Fringing",0,0,"0",482.954437255859,7.97971175885551,4.02250017630293,-0.00762994330914207,-0.00358436123172498,33.0078947368421,0.813157894736842,47.7578947368421
"Fringing",0,0,"0",482.954437255859,7.97971175885551,4.02250017630293,-0.00762994330914207,-0.00358436123172498,36.7725,0.9625,45.0325
"Fringing",0,5,"0",482.954437255859,7.97971175885551,4.02250017630293,-0.00762994330914207,-0.00358436123172498,45.2435897435897,2.23333333333333,22.7358974358974
"Fringing",0,3,"0",482.954437255859,7.97971175885551,4.02250017630293,-0.00762994330914207,-0.00358436123172498,47.8864864864865,0.640540540540541,28.1648648648649
"Fringing",0,0,"0",482.954437255859,7.97971175885551,4.02250017630293,-0.00762994330914207,-0.00358436123172498,52.5131578947368,0.794736842105263,19.6684210526316
"Fringing",0,5,"0",482.954437255859,7.97971175885551,4.02250017630293,-0.00762994330914207,-0.00358436123172498,52.0052631578947,4.88157894736842,11.4052631578947
"Fringing",0,2,"0",482.954437255859,7.97971175885551,4.02250017630293,-0.00762994330914207,-0.00358436123172498,56.474358974359,8.10769230769231,0
"Fringing",0,0,"0",482.954437255859,7.97971175885551,4.02250017630293,-0.00762994330914207,-0.00358436123172498,52.9918918918919,1.87567567567568,38.6540540540541
"Fringing",0,0,"0",482.954437255859,7.97971175885551,4.02250017630293,-0.00762994330914207,-0.00358436123172498,44.0815789473684,1.32105263157895,49.2842105263158
"Fringing",0,0,"0",482.954437255859,7.97971175885551,4.02250017630293,-0.00762994330914207,-0.00358436123172498,38.025641025641,1.86410256410256,56.7871794871795
"Fringing",0,7,"0",482.954437255859,7.97971175885551,4.02250017630293,-0.00762994330914207,-0.00358436123172498,34.0441176470588,2.85882352941176,49.6029411764706
"Backreef",0,0,"0",853.344604492188,1.17616290740888,5.31163164949531,2.96672668053428e-05,-0.0255744001006175,31.0612244897959,0,41.7959183673469
"Backreef",0,2,"0",853.344604492188,1.17616290740888,5.31163164949531,2.96672668053428e-05,-0.0255744001006175,42.96,0,45.68
"Backreef",0,0,"0",853.344604492188,1.17616290740888,5.31163164949531,2.96672668053428e-05,-0.0255744001006175,31.12,0.08,48.32
"Backreef",0,0,"0",853.344604492188,1.17616290740888,5.31163164949531,2.96672668053428e-05,-0.0255744001006175,27.81,0.12,55.23
"Backreef",1,1,"3",853.344604492188,1.17616290740888,5.31163164949531,2.96672668053428e-05,-0.0255744001006175,28.44,0.08,52.48
"Backreef",1,0,"2",853.344604492188,1.17616290740888,5.31163164949531,2.96672668053428e-05,-0.0255744001006175,24.24,1.48,50.56
"Backreef",1,1,"1",853.344604492188,1.17616290740888,5.31163164949531,2.96672668053428e-05,-0.0255744001006175,18.0408163265306,0.73469387755102,59.265306122449
"Backreef",0,1,"0",853.344604492188,1.17616290740888,5.31163164949531,2.96672668053428e-05,-0.0255744001006175,14.24,0.4,60.36
"Backreef",0,0,"0",853.344604492188,1.17616290740888,5.31163164949531,2.96672668053428e-05,-0.0255744001006175,16.4848484848485,0.808080808080808,54.1414141414141
"Backreef",0,0,"0",853.344604492188,1.17616290740888,5.31163164949531,2.96672668053428e-05,-0.0255744001006175,17.3737373737374,0.96969696969697,59.7171717171717
"Backreef",0,5,"0",853.344604492188,1.17616290740888,5.31163164949531,2.96672668053428e-05,-0.0255744001006175,19.12,4.05,54.38
"Backreef",0,3,"0",853.344604492188,1.17616290740888,5.31163164949531,2.96672668053428e-05,-0.0255744001006175,27.32,1.88,52.72
"Backreef",1,0,"0",853.344604492188,1.17616290740888,5.31163164949531,2.96672668053428e-05,-0.0255744001006175,29.84,4.08,50.92
"Backreef",0,5,"0",853.344604492188,1.17616290740888,5.31163164949531,2.96672668053428e-05,-0.0255744001006175,28.44,2.96,48.2
"Backreef",0,2,"0",853.344604492188,1.17616290740888,5.31163164949531,2.96672668053428e-05,-0.0255744001006175,32.8080808080808,0.686868686868687,53.6161616161616
"Backreef",0,0,"0",853.344604492188,1.17616290740888,5.31163164949531,2.96672668053428e-05,-0.0255744001006175,32.4285714285714,3.14285714285714,46.6734693877551
"Backreef",0,0,"0",853.344604492188,1.17616290740888,5.31163164949531,2.96672668053428e-05,-0.0255744001006175,42.79,2.24,36.45
"Backreef",0,0,"0",853.344604492188,1.17616290740888,5.31163164949531,2.96672668053428e-05,-0.0255744001006175,37.2828282828283,2.54545454545455,37.0909090909091
"Backreef",2,7,"0",853.344604492188,1.17616290740888,5.31163164949531,2.96672668053428e-05,-0.0255744001006175,38.25,5.04,37.45
"Forereef",0,0,"0",1167.95288085938,21.4637755158898,10.8979796878292,-0.0551991762889058,-0.0405612424904762,35.8923076923077,1.35,60.5769230769231
"Forereef",4,2,"0",1167.95288085938,21.4637755158898,10.8979796878292,-0.0551991762889058,-0.0405612424904762,40.5,0.9525,56.62
"Forereef",39,0,"0",1167.95288085938,21.4637755158898,10.8979796878292,-0.0551991762889058,-0.0405612424904762,24.4666666666667,10.3487179487179,62.7692307692308
"Forereef",11,0,"0",1167.95288085938,21.4637755158898,10.8979796878292,-0.0551991762889058,-0.0405612424904762,4.9475,16.835,77.3425
"Forereef",0,1,"3",1167.95288085938,21.4637755158898,10.8979796878292,-0.0551991762889058,-0.0405612424904762,1.39444444444444,2.91388888888889,94.9611111111111
"Forereef",0,0,"2",1167.95288085938,21.4637755158898,10.8979796878292,-0.0551991762889058,-0.0405612424904762,2.28421052631579,9.5921052631579,85.9763157894737
"Forereef",0,1,"1",1167.95288085938,21.4637755158898,10.8979796878292,-0.0551991762889058,-0.0405612424904762,5.43684210526316,18.8815789473684,73.5447368421053
"Forereef",0,1,"0",1167.95288085938,21.4637755158898,10.8979796878292,-0.0551991762889058,-0.0405612424904762,12.1775,7.9575,74.915
"Forereef",0,0,"0",1167.95288085938,21.4637755158898,10.8979796878292,-0.0551991762889058,-0.0405612424904762,17.7175,3.455,74.2875
"Forereef",0,0,"0",1167.95288085938,21.4637755158898,10.8979796878292,-0.0551991762889058,-0.0405612424904762,26.4,7.50263157894737,58.9421052631579
"Forereef",0,5,"0",1167.95288085938,21.4637755158898,10.8979796878292,-0.0551991762889058,-0.0405612424904762,32.3868421052632,1.16315789473684,56.6657894736842
"Forereef",0,3,"0",1167.95288085938,21.4637755158898,10.8979796878292,-0.0551991762889058,-0.0405612424904762,40.9179487179487,2.30769230769231,47.4307692307692
"Forereef",0,0,"0",1167.95288085938,21.4637755158898,10.8979796878292,-0.0551991762889058,-0.0405612424904762,46.8225,1.5025,35.5625
"Forereef",0,5,"0",1167.95288085938,21.4637755158898,10.8979796878292,-0.0551991762889058,-0.0405612424904762,49.1725,0.66,27.22
"Forereef",0,2,"0",1167.95288085938,21.4637755158898,10.8979796878292,-0.0551991762889058,-0.0405612424904762,19.0076923076923,22.5179487179487,45.3974358974359
"Forereef",0,0,"0",1167.95288085938,21.4637755158898,10.8979796878292,-0.0551991762889058,-0.0405612424904762,12.1578947368421,42.5236842105263,43.5052631578947
"Forereef",0,0,"0",1167.95288085938,21.4637755158898,10.8979796878292,-0.0551991762889058,-0.0405612424904762,11.0552631578947,21.3447368421053,65.2631578947368
"Forereef",8,0,"0",1167.95288085938,21.4637755158898,10.8979796878292,-0.0551991762889058,-0.0405612424904762,9.97837837837838,19.2702702702703,67.2378378378378
"Forereef",9,7,"0",1167.95288085938,21.4637755158898,10.8979796878292,-0.0551991762889058,-0.0405612424904762,1.6975,14.15,79.8975
"Fringing",0,0,"0",111.018013000488,4.93943107955704,1.87658052119661,-0.00863585093035623,-0.0011954741731895,18.7179487179487,7.28125,66.4333333333333
"Fringing",0,2,"0",111.018013000488,4.93943107955704,1.87658052119661,-0.00863585093035623,-0.0011954741731895,15.1526315789474,12.3236842105263,63.3078947368421
"Fringing",0,0,"0",111.018013000488,4.93943107955704,1.87658052119661,-0.00863585093035623,-0.0011954741731895,17.1205128205128,8.33076923076923,52.7948717948718
"Fringing",0,0,"0",111.018013000488,4.93943107955704,1.87658052119661,-0.00863585093035623,-0.0011954741731895,21.2512820512821,8.79230769230769,48.3179487179487
"Fringing",0,1,"3",111.018013000488,4.93943107955704,1.87658052119661,-0.00863585093035623,-0.0011954741731895,22.4736842105263,7.21315789473684,55.3763157894737
"Fringing",0,0,"2",111.018013000488,4.93943107955704,1.87658052119661,-0.00863585093035623,-0.0011954741731895,23.8526315789474,6.52631578947368,56.6368421052632
"Fringing",0,1,"1",111.018013000488,4.93943107955704,1.87658052119661,-0.00863585093035623,-0.0011954741731895,22.9447368421053,19.0657894736842,45.0368421052632
"Fringing",0,1,"0",111.018013000488,4.93943107955704,1.87658052119661,-0.00863585093035623,-0.0011954741731895,25.3055555555556,8.35,54.4666666666667
"Fringing",0,0,"0",111.018013000488,4.93943107955704,1.87658052119661,-0.00863585093035623,-0.0011954741731895,22.8447368421053,10.7131578947368,55.8263157894737
"Fringing",0,0,"0",111.018013000488,4.93943107955704,1.87658052119661,-0.00863585093035623,-0.0011954741731895,15.6756756756757,41.1513513513514,34.1648648648649
"Fringing",0,5,"0",111.018013000488,4.93943107955704,1.87658052119661,-0.00863585093035623,-0.0011954741731895,2.04615384615385,30.8358974358974,55.7102564102564
"Fringing",0,3,"0",111.018013000488,4.93943107955704,1.87658052119661,-0.00863585093035623,-0.0011954741731895,0.674358974358974,48.8,32.6205128205128
"Fringing",0,0,"0",111.018013000488,4.93943107955704,1.87658052119661,-0.00863585093035623,-0.0011954741731895,0.651282051282051,36.4948717948718,33.8410256410256
"Fringing",0,5,"0",111.018013000488,4.93943107955704,1.87658052119661,-0.00863585093035623,-0.0011954741731895,1.34615384615385,55.474358974359,17.9384615384615
"Fringing",0,2,"0",111.018013000488,4.93943107955704,1.87658052119661,-0.00863585093035623,-0.0011954741731895,1.45,43.95,0
"Fringing",0,0,"0",111.018013000488,4.93943107955704,1.87658052119661,-0.00863585093035623,-0.0011954741731895,2.54615384615385,31.0512820512821,63.6948717948718
"Fringing",0,0,"0",111.018013000488,4.93943107955704,1.87658052119661,-0.00863585093035623,-0.0011954741731895,3.76410256410256,26.5615384615385,67.0717948717949
"Fringing",12,0,"0",111.018013000488,4.93943107955704,1.87658052119661,-0.00863585093035623,-0.0011954741731895,4.04473684210526,28.2342105263158,58.4052631578947
"Fringing",0,7,"0",111.018013000488,4.93943107955704,1.87658052119661,-0.00863585093035623,-0.0011954741731895,4.20512820512821,43.3384615384615,47.9410256410256
