"(Intercept)","HabitatForereef","HabitatFringing","COTS","Max_DHW","Cyclone1","Cyclone2","Cyclone3","Land_Dist","Depth_Mean_100m","Depth_Mean_500m","Curvature_Mean_100m","Curvature_Mean_500m","Coral_Mean_Cover","Macroalgae_Mean_Cover","CTB_Mean_Cover"
1,0,0,-0.275381732233447,-0.688808532103504,0,0,0,0.217757250034352,-0.941715796537914,-0.574564357627469,0.834005647311034,0.613747340937767,1.4215060660962,-0.720366430056676,-0.788061095001605
1,0,0,-0.0301198769630332,0.280625698264391,0,0,0,0.217757250034352,-0.941715796537914,-0.574564357627469,0.834005647311034,0.613747340937767,1.17585837916081,-0.854596297020492,-0.396077286605335
1,0,0,-0.275381732233447,-0.688808532103504,0,0,0,0.217757250034352,-0.941715796537914,-0.574564357627469,0.834005647311034,0.613747340937767,0.654161063837632,-0.779327212741717,0.0459329849441837
1,0,0,-0.275381732233447,-0.688808532103504,0,0,0,0.217757250034352,-0.941715796537914,-0.574564357627469,0.834005647311034,0.613747340937767,0.524648793250413,-0.858169677789282,0.211724043027069
1,0,0,0.21514197830738,-0.204091416919557,0,0,1,0.217757250034352,-0.941715796537914,-0.574564357627469,0.834005647311034,0.613747340937767,0.141869349151291,-0.862123205448369,0.410591458972537
1,0,0,-0.275381732233447,-0.688808532103504,0,1,0,0.217757250034352,-0.941715796537914,-0.574564357627469,0.834005647311034,0.613747340937767,-0.357395288734644,-0.815732871872471,0.421706148745465
1,0,0,-0.275381732233447,-0.204091416919557,1,0,0,0.217757250034352,-0.941715796537914,-0.574564357627469,0.834005647311034,0.613747340937767,-0.521193503906757,0.0636865311805636,0.47754806837757
1,0,0,-0.275381732233447,-0.204091416919557,0,0,0,0.217757250034352,-0.941715796537914,-0.574564357627469,0.834005647311034,0.613747340937767,-0.509625254960225,-0.244916714362414,0.835237041282611
1,0,0,-0.275381732233447,-0.688808532103504,0,0,0,0.217757250034352,-0.941715796537914,-0.574564357627469,0.834005647311034,0.613747340937767,-0.801890558047946,0.0510770196390163,0.222650297241644
1,0,0,-0.275381732233447,-0.688808532103504,0,0,0,0.217757250034352,-0.941715796537914,-0.574564357627469,0.834005647311034,0.613747340937767,-0.998089448033248,0.915168047084206,-0.000372853027670814
1,0,0,-0.275381732233447,1.73477704381623,0,0,0,0.217757250034352,-0.941715796537914,-0.574564357627469,0.834005647311034,0.613747340937767,-0.915947202471545,0.308311055086582,0.4858384456768
1,0,0,-0.275381732233447,0.765342813448338,0,0,0,0.217757250034352,-0.941715796537914,-0.574564357627469,0.834005647311034,0.613747340937767,-0.728565413581733,0.852106369670261,0.225987560901485
1,0,0,-0.275381732233447,-0.688808532103504,0,0,0,0.217757250034352,-0.941715796537914,-0.574564357627469,0.834005647311034,0.613747340937767,-0.873935519627011,0.882237822712242,0.226420512493571
1,0,0,-0.275381732233447,1.73477704381623,0,0,0,0.217757250034352,-0.941715796537914,-0.574564357627469,0.834005647311034,0.613747340937767,-0.927043911101672,0.974138333441506,0.196841542301495
1,0,0,-0.275381732233447,0.280625698264391,0,0,0,0.217757250034352,-0.941715796537914,-0.574564357627469,0.834005647311034,0.613747340937767,-0.757933111772699,1.30938987599429,0.279566985620358
1,0,0,-0.275381732233447,-0.688808532103504,0,0,0,0.217757250034352,-0.941715796537914,-0.574564357627469,0.834005647311034,0.613747340937767,-0.603092611492814,1.29256953981362,-0.044359103568651
1,0,0,-0.275381732233447,-0.688808532103504,0,0,0,0.217757250034352,-0.941715796537914,-0.574564357627469,0.834005647311034,0.613747340937767,-0.640049583791019,0.891646458247089,0.0333041200427688
1,0,0,-0.0301198769630332,-0.688808532103504,0,0,0,0.217757250034352,-0.941715796537914,-0.574564357627469,0.834005647311034,0.613747340937767,-0.341578523582086,0.61691430062956,0.0543522282117934
1,0,0,-0.275381732233447,2.70421127418413,0,0,0,0.217757250034352,-0.941715796537914,-0.574564357627469,0.834005647311034,0.613747340937767,-0.692720947357301,1.13250752793917,-0.0572027450840375
1,1,0,-0.275381732233447,-0.688808532103504,0,0,0,1.01597861745823,0.600782132210788,1.31486918507324,-0.487790837448262,-2.06277907615846,1.62973368772972,-0.459164786398785,-0.103287024022533
1,1,0,0.460403833577794,0.280625698264391,0,0,0,1.01597861745823,0.600782132210788,1.31486918507324,-0.487790837448262,-2.06277907615846,1.47380690600103,-0.638040869126766,0.0543814616953639
1,1,0,1.93197496520027,-0.688808532103504,0,0,0,1.01597861745823,0.600782132210788,1.31486918507324,-0.487790837448262,-2.06277907615846,0.0445131320331608,0.391998392212323,0.64904436862425
1,1,0,0.95092754411862,-0.688808532103504,0,0,0,1.01597861745823,0.600782132210788,1.31486918507324,-0.487790837448262,-2.06277907615846,-0.919946701120722,0.371374341914748,1.4987644296164
1,1,0,-0.275381732233447,-0.204091416919557,0,0,1,1.01597861745823,0.600782132210788,1.31486918507324,-0.487790837448262,-2.06277907615846,-1.30065276957189,1.03401396962964,1.45828873796491
1,1,0,-0.275381732233447,-0.688808532103504,0,1,0,1.01597861745823,0.600782132210788,1.31486918507324,-0.487790837448262,-2.06277907615846,-1.30741820160891,-0.0665487922754749,2.07533064586738
1,1,0,-0.275381732233447,-0.204091416919557,1,0,0,1.01597861745823,0.600782132210788,1.31486918507324,-0.487790837448262,-2.06277907615846,-1.11864614672224,0.246659732766142,1.71682043501471
1,1,0,-0.275381732233447,-0.204091416919557,0,0,0,1.01597861745823,0.600782132210788,1.31486918507324,-0.487790837448262,-2.06277907615846,-0.471309808155432,0.201844916139633,1.17303148251629
1,1,0,-0.275381732233447,-0.688808532103504,0,0,0,1.01597861745823,0.600782132210788,1.31486918507324,-0.487790837448262,-2.06277907615846,0.646471572790673,-0.327514630531491,0.53507994084065
1,1,0,-0.275381732233447,-0.688808532103504,0,0,0,1.01597861745823,0.600782132210788,1.31486918507324,-0.487790837448262,-2.06277907615846,2.06120502505197,-0.776224905889687,-0.375228282162235
1,1,0,-0.275381732233447,1.73477704381623,0,0,0,1.01597861745823,0.600782132210788,1.31486918507324,-0.487790837448262,-2.06277907615846,2.9344853868829,-0.605089454134228,-1.20349978200277
1,1,0,-0.275381732233447,0.765342813448338,0,0,0,1.01597861745823,0.600782132210788,1.31486918507324,-0.487790837448262,-2.06277907615846,3.32613120799512,-0.776224905889687,-1.61962656918228
1,1,0,-0.275381732233447,-0.688808532103504,0,0,0,1.01597861745823,0.600782132210788,1.31486918507324,-0.487790837448262,-2.06277907615846,3.71116768811929,-0.763256246098411,-1.97104464543674
1,1,0,-0.275381732233447,1.73477704381623,0,0,0,1.01597861745823,0.600782132210788,1.31486918507324,-0.487790837448262,-2.06277907615846,3.73002348683553,-0.8088406168405,-2.05729922384561
1,1,0,-0.275381732233447,0.280625698264391,0,0,0,1.01597861745823,0.600782132210788,1.31486918507324,-0.487790837448262,-2.06277907615846,-0.395074939835807,1.09665567463797,0.124226408357121
1,1,0,-0.275381732233447,-0.688808532103504,0,0,0,1.01597861745823,0.600782132210788,1.31486918507324,-0.487790837448262,-2.06277907615846,-0.734546212891917,1.60390559697969,0.605784218850826
1,1,0,-0.275381732233447,-0.688808532103504,0,0,0,1.01597861745823,0.600782132210788,1.31486918507324,-0.487790837448262,-2.06277907615846,-1.00180084720346,1.93193640346489,0.68030589912494
1,1,0,-0.0301198769630332,-0.688808532103504,0,0,0,1.01597861745823,0.600782132210788,1.31486918507324,-0.487790837448262,-2.06277907615846,-1.1120457252227,2.21504532492489,0.481905772834691
1,1,0,0.460403833577794,2.70421127418413,0,0,0,1.01597861745823,0.600782132210788,1.31486918507324,-0.487790837448262,-2.06277907615846,-1.3146786652584,1.27863849353566,1.19227942353928
1,0,1,-0.275381732233447,-0.688808532103504,0,0,0,-1.35923074242687,-0.34360607995383,-0.884841521126933,-0.80381837563389,0.634965434700104,0.711035290391184,-0.731343171513998,0.108024904042807
1,0,1,-0.275381732233447,0.280625698264391,0,0,0,-1.35923074242687,-0.34360607995383,-0.884841521126933,-0.80381837563389,0.634965434700104,0.308662000444519,-0.820254777318301,0.441374317169736
1,0,1,-0.275381732233447,-0.688808532103504,0,0,0,-1.35923074242687,-0.34360607995383,-0.884841521126933,-0.80381837563389,0.634965434700104,0.606192500589768,-0.749690010806949,-0.46251037801382
1,0,1,0.705665688848207,-0.688808532103504,0,0,0,-1.35923074242687,-0.34360607995383,-0.884841521126933,-0.80381837563389,0.634965434700104,0.86798171831504,-0.744044829486041,-0.226376914492574
1,0,1,-0.0301198769630332,-0.204091416919557,0,0,1,-1.35923074242687,-0.34360607995383,-0.884841521126933,-0.80381837563389,0.634965434700104,0.879268439079244,-0.800967074471865,-0.593534851365999
1,0,1,0.21514197830738,-0.688808532103504,0,1,0,-1.35923074242687,-0.34360607995383,-0.884841521126933,-0.80381837563389,0.634965434700104,0.520263897848623,-0.139443497546131,-0.26827749136367
1,0,1,-0.0301198769630332,-0.204091416919557,1,0,0,-1.35923074242687,-0.34360607995383,-0.884841521126933,-0.80381837563389,0.634965434700104,-0.674066506094243,2.22931921541394,-0.493950989591301
1,0,1,-0.275381732233447,-0.204091416919557,0,0,0,-1.35923074242687,-0.34360607995383,-0.884841521126933,-0.80381837563389,0.634965434700104,-0.895721141614896,0.199267381708353,0.644751662352937
1,0,1,-0.275381732233447,-0.688808532103504,0,0,0,-1.35923074242687,-0.34360607995383,-0.884841521126933,-0.80381837563389,0.634965434700104,-1.09075936588671,0.17782813595857,0.313797856274194
1,0,1,-0.275381732233447,-0.688808532103504,0,0,0,-1.35923074242687,-0.34360607995383,-0.884841521126933,-0.80381837563389,0.634965434700104,-1.12882729688527,2.05008470847511,-0.428438752915211
1,0,1,-0.275381732233447,1.73477704381623,0,0,0,-1.35923074242687,-0.34360607995383,-0.884841521126933,-0.80381837563389,0.634965434700104,-1.14654117808464,2.34104676239025,-0.206907414436226
1,0,1,-0.275381732233447,0.765342813448338,0,0,0,-1.35923074242687,-0.34360607995383,-0.884841521126933,-0.80381837563389,0.634965434700104,-1.16968940631864,1.91284528437547,-0.407653746098299
1,0,1,-0.275381732233447,-0.688808532103504,0,0,0,-1.35923074242687,-0.34360607995383,-0.884841521126933,-0.80381837563389,0.634965434700104,-1.09402657452898,0.907641138656329,-0.866634054859095
1,0,1,-0.275381732233447,1.73477704381623,0,0,0,-1.35923074242687,-0.34360607995383,-0.884841521126933,-0.80381837563389,0.634965434700104,-1.05781501207716,1.64692467580692,-1.95205868300049
1,0,1,-0.275381732233447,0.280625698264391,0,0,0,-1.35923074242687,-0.34360607995383,-0.884841521126933,-0.80381837563389,0.634965434700104,-0.98205973207611,-0.220985005514804,-2.68611145539523
1,0,1,-0.275381732233447,-0.688808532103504,0,0,0,-1.35923074242687,-0.34360607995383,-0.884841521126933,-0.80381837563389,0.634965434700104,-0.902465841558747,1.45216592023559,0.263123151113307
1,0,1,-0.275381732233447,-0.688808532103504,0,0,0,-1.35923074242687,-0.34360607995383,-0.884841521126933,-0.80381837563389,0.634965434700104,-0.923941963012856,2.6743476762122,-0.0524669207460071
1,0,1,-0.275381732233447,-0.688808532103504,0,0,0,-1.35923074242687,-0.34360607995383,-0.884841521126933,-0.80381837563389,0.634965434700104,-0.877713837831552,2.20909668019065,-0.316040506054918
1,0,1,-0.275381732233447,2.70421127418413,0,0,0,-1.35923074242687,-0.34360607995383,-0.884841521126933,-0.80381837563389,0.634965434700104,-0.884627356248372,2.14902616100663,-0.220244629131788
1,0,0,-0.275381732233447,-0.688808532103504,0,0,0,-0.676284493409146,-0.931563679702733,-0.248332438413477,0.771616680374002,0.464712043944162,-0.0477142881748684,-0.537314065229044,-0.225308400838074
1,0,0,-0.0301198769630332,0.280625698264391,0,0,0,-0.676284493409146,-0.931563679702733,-0.248332438413477,0.771616680374002,0.464712043944162,0.333116562100292,-0.704058128462942,0.0122560118737441
1,0,0,1.19618939938903,-0.688808532103504,0,0,0,-0.676284493409146,-0.931563679702733,-0.248332438413477,0.771616680374002,0.464712043944162,0.282953358703833,-0.854596297020492,0.35744498584575
1,0,0,2.66776053101151,-0.688808532103504,0,0,0,-0.676284493409146,-0.931563679702733,-0.248332438413477,0.771616680374002,0.464712043944162,0.578916258742943,-0.515885417766004,-0.0908797181544771
1,0,0,0.21514197830738,-0.204091416919557,0,0,1,-0.676284493409146,-0.931563679702733,-0.248332438413477,0.771616680374002,0.464712043944162,-0.0431074633731528,0.00347126375754352,-0.0845652857037698
1,0,0,0.21514197830738,-0.688808532103504,0,1,0,-0.676284493409146,-0.931563679702733,-0.248332438413477,0.771616680374002,0.464712043944162,-0.611623768533027,-0.112725385097815,0.659660738972661
1,0,0,-0.275381732233447,-0.204091416919557,1,0,0,-0.676284493409146,-0.931563679702733,-0.248332438413477,0.771616680374002,0.464712043944162,-0.5826178345963,0.605163106859504,-0.0309355651955501
1,0,0,-0.275381732233447,-0.204091416919557,0,0,0,-0.676284493409146,-0.931563679702733,-0.248332438413477,0.771616680374002,0.464712043944162,-0.399266207488014,0.34594559722597,0.113286931085063
1,0,0,-0.275381732233447,-0.688808532103504,0,0,0,-0.676284493409146,-0.931563679702733,-0.248332438413477,0.771616680374002,0.464712043944162,-0.594902700734206,0.778742831828927,-0.120347069591112
1,0,0,-0.275381732233447,-0.688808532103504,0,0,0,-0.676284493409146,-0.931563679702733,-0.248332438413477,0.771616680374002,0.464712043944162,-0.966110405868005,1.51637985776092,-0.303465610661627
1,0,0,-0.275381732233447,1.73477704381623,0,0,0,-0.676284493409146,-0.931563679702733,-0.248332438413477,0.771616680374002,0.464712043944162,-1.13164897707632,1.78358510695057,-0.444487935394092
1,0,0,-0.275381732233447,0.765342813448338,0,0,0,-0.676284493409146,-0.931563679702733,-0.248332438413477,0.771616680374002,0.464712043944162,-1.11158369571774,1.43452472860775,-0.00195146114034773
1,0,0,-0.275381732233447,-0.688808532103504,0,0,0,-0.676284493409146,-0.931563679702733,-0.248332438413477,0.771616680374002,0.464712043944162,-1.06831793278829,2.06772590010295,-0.328723340464457
1,0,0,-0.275381732233447,1.73477704381623,0,0,0,-0.676284493409146,-0.931563679702733,-0.248332438413477,0.771616680374002,0.464712043944162,-1.08412060860574,1.69261595610254,-0.602561353815
1,0,0,-0.275381732233447,0.280625698264391,0,0,0,-0.676284493409146,-0.931563679702733,-0.248332438413477,0.771616680374002,0.464712043944162,-0.948604471621485,1.01703092772168,-0.183426961113996
1,0,0,-0.275381732233447,-0.688808532103504,0,0,0,-0.676284493409146,-0.931563679702733,-0.248332438413477,0.771616680374002,0.464712043944162,-1.10945555981607,1.47403149418185,-0.216679370716215
1,0,0,-0.275381732233447,-0.688808532103504,0,0,0,-0.676284493409146,-0.931563679702733,-0.248332438413477,0.771616680374002,0.464712043944162,-1.07145313300057,1.41476659398458,-0.370819556802506
1,0,0,-0.275381732233447,-0.688808532103504,0,0,0,-0.676284493409146,-0.931563679702733,-0.248332438413477,0.771616680374002,0.464712043944162,-1.04386337113252,1.92659636708025,-0.465536043563117
1,0,0,1.68671310992986,2.70421127418413,0,0,0,-0.676284493409146,-0.931563679702733,-0.248332438413477,0.771616680374002,0.464712043944162,-0.995448279369571,1.25544703226117,-0.817294578569698
1,1,0,-0.275381732233447,-0.688808532103504,0,0,0,0.886346312679324,0.135530784540124,0.736741582105913,0.690929061634817,-1.3456925415368,0.487211652533791,-0.394030873217392,0.71815693959241
1,1,0,0.460403833577794,0.280625698264391,0,0,0,0.886346312679324,0.135530784540124,0.736741582105913,0.690929061634817,-1.3456925415368,-0.120233388595209,-0.423916005412876,1.20647304911378
1,1,0,2.66776053101151,-0.688808532103504,0,0,0,0.886346312679324,0.135530784540124,0.736741582105913,0.690929061634817,-1.3456925415368,-0.809507155264683,-0.142597802920954,1.56652724948016
1,1,0,2.4224986757411,-0.688808532103504,0,0,0,0.886346312679324,0.135530784540124,0.736741582105913,0.690929061634817,-1.3456925415368,-1.03053877023033,0.537176114471733,1.4357658774801
1,1,0,-0.275381732233447,-0.204091416919557,0,0,1,0.886346312679324,0.135530784540124,0.736741582105913,0.690929061634817,-1.3456925415368,-1.11132644852083,-0.611322756678451,2.20271643817171
1,1,0,-0.275381732233447,-0.688808532103504,0,1,0,0.886346312679324,0.135530784540124,0.736741582105913,0.690929061634817,-1.3456925415368,-1.20313154191628,0.0907363583432483,1.79568852717042
1,1,0,-0.275381732233447,-0.204091416919557,1,0,0,0.886346312679324,0.135530784540124,0.736741582105913,0.690929061634817,-1.3456925415368,-1.02709004999683,0.445441918006976,1.48983320533928
1,1,0,-0.275381732233447,-0.204091416919557,0,0,0,0.886346312679324,0.135530784540124,0.736741582105913,0.690929061634817,-1.3456925415368,-0.60744350158332,0.207873870752092,1.15858860302925
1,1,0,-0.275381732233447,-0.688808532103504,0,0,0,0.886346312679324,0.135530784540124,0.736741582105913,0.690929061634817,-1.3456925415368,0.0277480614243462,-0.255030997562374,0.928243369254489
1,1,0,-0.275381732233447,-0.688808532103504,0,0,0,0.886346312679324,0.135530784540124,0.736741582105913,0.690929061634817,-1.3456925415368,0.871743958569775,-0.151300790790688,0.0881607519582893
1,1,0,-0.275381732233447,1.73477704381623,0,0,0,0.886346312679324,0.135530784540124,0.736741582105913,0.690929061634817,-1.3456925415368,1.40040471857496,0.0958739685366191,-0.528680368070191
1,1,0,-0.275381732233447,0.765342813448338,0,0,0,0.886346312679324,0.135530784540124,0.736741582105913,0.690929061634817,-1.3456925415368,2.13674097139991,-0.560660873029276,-1.03086664117987
1,1,0,-0.275381732233447,-0.688808532103504,0,0,0,0.886346312679324,0.135530784540124,0.736741582105913,0.690929061634817,-1.3456925415368,2.58309299444211,-0.642431565709695,-1.44203671192981
1,1,0,-0.275381732233447,1.73477704381623,0,0,0,0.886346312679324,0.135530784540124,0.736741582105913,0.690929061634817,-1.3456925415368,2.81886005040547,-0.655368439570109,-1.68211669573275
1,1,0,-0.275381732233447,0.280625698264391,0,0,0,0.886346312679324,0.135530784540124,0.736741582105913,0.690929061634817,-1.3456925415368,-0.200180994008316,1.95576313723827,-0.44896065838001
1,1,0,-0.275381732233447,-0.688808532103504,0,0,0,0.886346312679324,0.135530784540124,0.736741582105913,0.690929061634817,-1.3456925415368,-0.598978461010168,1.99433854293114,0.250099634183723
1,1,0,-0.0301198769630332,-0.688808532103504,0,0,0,0.886346312679324,0.135530784540124,0.736741582105913,0.690929061634817,-1.3456925415368,-0.763078055710797,1.5789593464209,0.632608523024655
1,1,0,1.19618939938903,-0.688808532103504,0,0,0,0.886346312679324,0.135530784540124,0.736741582105913,0.690929061634817,-1.3456925415368,-0.894090378134517,1.69729447818812,0.652118500212095
1,1,0,1.93197496520027,2.70421127418413,0,0,0,0.886346312679324,0.135530784540124,0.736741582105913,0.690929061634817,-1.3456925415368,-1.26358463318893,0.927109776801514,1.39573736792212
1,0,1,-0.275381732233447,-0.688808532103504,0,0,0,-1.39743476504935,-0.559026702877661,0.243824327430928,0.247599130162107,0.302326955027375,1.62382898633419,-0.604326591793565,-0.0607647326203334
1,0,1,-0.275381732233447,0.280625698264391,0,0,0,-1.39743476504935,-0.559026702877661,0.243824327430928,0.247599130162107,0.302326955027375,1.62137032932561,-0.815550459550877,-0.403444124464494
1,0,1,2.66776053101151,-0.688808532103504,0,0,0,-1.39743476504935,-0.559026702877661,0.243824327430928,0.247599130162107,0.302326955027375,1.4434477172788,-0.800261426806751,-0.457116800295507
1,0,1,0.460403833577794,-0.688808532103504,0,0,0,-1.39743476504935,-0.559026702877661,0.243824327430928,0.247599130162107,0.302326955027375,1.46539411876475,-0.746396988369753,-0.614846060887136
1,0,1,-0.275381732233447,-0.204091416919557,0,0,1,-1.39743476504935,-0.559026702877661,0.243824327430928,0.247599130162107,0.302326955027375,1.16410137836476,-0.794145813709101,0.373099516296462
1,0,1,-0.275381732233447,-0.688808532103504,0,1,0,-1.39743476504935,-0.559026702877661,0.243824327430928,0.247599130162107,0.302326955027375,0.291153113105176,-0.523991319149873,0.535598332168699
1,0,1,-0.275381732233447,-0.204091416919557,1,0,0,-1.39743476504935,-0.559026702877661,0.243824327430928,0.247599130162107,0.302326955027375,-0.152014418115469,-0.436209130526169,1.17178521295365
1,0,1,-0.275381732233447,-0.204091416919557,0,0,0,-1.39743476504935,-0.559026702877661,0.243824327430928,0.247599130162107,0.302326955027375,-0.36619809577535,-0.709307156708698,1.16998504580761
1,0,1,-0.275381732233447,-0.688808532103504,0,0,0,-1.39743476504935,-0.559026702877661,0.243824327430928,0.247599130162107,0.302326955027375,-0.87215608166869,-0.0886316495052009,1.56589082864194
1,0,1,-0.275381732233447,-0.688808532103504,0,0,0,-1.39743476504935,-0.559026702877661,0.243824327430928,0.247599130162107,0.302326955027375,-1.13514720047107,0.191445897916905,1.57280706333191
1,0,1,-0.275381732233447,1.73477704381623,0,0,0,-1.39743476504935,-0.559026702877661,0.243824327430928,0.247599130162107,0.302326955027375,-1.21501230061544,0.633404172382736,1.58928551643792
1,0,1,-0.275381732233447,0.765342813448338,0,0,0,-1.39743476504935,-0.559026702877661,0.243824327430928,0.247599130162107,0.302326955027375,-1.17276960301842,0.999845766897828,0.763147270803701
1,0,1,-0.275381732233447,-0.688808532103504,0,0,0,-1.39743476504935,-0.559026702877661,0.243824327430928,0.247599130162107,0.302326955027375,-1.14513033798912,0.759664209772152,-0.503685739619474
1,0,1,-0.275381732233447,1.73477704381623,0,0,0,-1.39743476504935,-0.559026702877661,0.243824327430928,0.247599130162107,0.302326955027375,-1.1249165471468,4.10593347175714,-1.68286445747033
1,0,1,-0.275381732233447,0.280625698264391,0,0,0,-1.39743476504935,-0.559026702877661,0.243824327430928,0.247599130162107,0.302326955027375,-1.08960429212429,1.6086835242712,-2.68611145539523
1,0,1,-0.275381732233447,-0.688808532103504,0,0,0,-1.39743476504935,-0.559026702877661,0.243824327430928,0.247599130162107,0.302326955027375,-1.08043505793304,1.73537220702066,0.828922608831903
1,0,1,-0.275381732233447,-0.688808532103504,0,0,0,-1.39743476504935,-0.559026702877661,0.243824327430928,0.247599130162107,0.302326955027375,-1.14339772734549,2.03999518484234,0.692109905733243
1,0,1,-0.275381732233447,-0.688808532103504,0,0,0,-1.39743476504935,-0.559026702877661,0.243824327430928,0.247599130162107,0.302326955027375,-1.19042127078542,1.06659622170587,1.0933039134685
1,0,1,0.95092754411862,2.70421127418413,0,0,0,-1.39743476504935,-0.559026702877661,0.243824327430928,0.247599130162107,0.302326955027375,-1.22142020982123,1.40755330674119,1.1472752448884
1,0,0,-0.0301198769630332,-0.688808532103504,0,0,0,-0.300369105788034,-0.947551929020943,0.950281301271407,0.76456630417633,0.661369951430088,0.655877173427509,-0.845484776292009,-1.03438886171018
1,0,0,-0.275381732233447,0.280625698264391,0,0,0,-0.300369105788034,-0.947551929020943,0.950281301271407,0.76456630417633,0.661369951430088,1.41162543512417,-0.877177022304124,-0.551833287056118
1,0,0,-0.275381732233447,-0.688808532103504,0,0,0,-0.300369105788034,-0.947551929020943,0.950281301271407,0.76456630417633,0.661369951430088,1.64237617074788,-0.862123205448369,-1.0485686398451
1,0,0,-0.275381732233447,-0.688808532103504,0,0,0,-0.300369105788034,-0.947551929020943,0.950281301271407,0.76456630417633,0.661369951430088,1.12318701559453,-0.862123205448369,-0.901231882661929
1,0,0,-0.275381732233447,-0.204091416919557,0,0,1,-0.300369105788034,-0.947551929020943,0.950281301271407,0.76456630417633,0.661369951430088,1.31882350884072,-0.752983033244146,-1.34955658666216
1,0,0,-0.275381732233447,-0.688808532103504,0,1,0,-0.300369105788034,-0.947551929020943,0.950281301271407,0.76456630417633,0.661369951430088,0.751488021355298,-0.725862883805556,-0.976223905169302
1,0,0,-0.275381732233447,-0.204091416919557,1,0,0,-0.300369105788034,-0.947551929020943,0.950281301271407,0.76456630417633,0.661369951430088,0.195037119417853,0.0225237507156085,-0.688733690605485
1,0,0,-0.275381732233447,-0.204091416919557,0,0,0,-0.300369105788034,-0.947551929020943,0.950281301271407,0.76456630417633,0.661369951430088,0.234044235392285,-0.493304692482372,-0.611820395337839
1,0,0,-0.275381732233447,-0.688808532103504,0,0,0,-0.300369105788034,-0.947551929020943,0.950281301271407,0.76456630417633,0.661369951430088,-0.166995374791683,0.35449890225765,-0.925724226713155
1,0,0,-0.275381732233447,-0.688808532103504,0,0,0,-0.300369105788034,-0.947551929020943,0.950281301271407,0.76456630417633,0.661369951430088,-0.44692125071465,-0.0595665943259306,0.103815282409002
1,0,0,-0.275381732233447,1.73477704381623,0,0,0,-0.300369105788034,-0.947551929020943,0.950281301271407,0.76456630417633,0.661369951430088,-0.419331488846598,0.018995512390041,-0.0327343193375464
1,0,0,-0.275381732233447,0.765342813448338,0,0,0,-0.300369105788034,-0.947551929020943,0.950281301271407,0.76456630417633,0.661369951430088,-0.118352268467842,0.509028613163313,-0.307675232295432
1,0,0,-0.275381732233447,-0.688808532103504,0,0,0,-0.300369105788034,-0.947551929020943,0.950281301271407,0.76456630417633,0.661369951430088,-0.557280298186861,0.810732192647406,-0.719691949704091
1,0,0,-0.275381732233447,1.73477704381623,0,0,0,-0.300369105788034,-0.947551929020943,0.950281301271407,0.76456630417633,0.661369951430088,-0.55968711855184,-0.35257431369448,0.158572254721451
1,0,0,-0.275381732233447,0.280625698264391,0,0,0,-0.300369105788034,-0.947551929020943,0.950281301271407,0.76456630417633,0.661369951430088,-0.391405581801144,-0.109936743122281,-0.120737653041672
1,0,0,-0.275381732233447,-0.688808532103504,0,0,0,-0.300369105788034,-0.947551929020943,0.950281301271407,0.76456630417633,0.661369951430088,0.190555044401734,-0.00120061043906976,-0.372029218191529
1,0,0,-0.275381732233447,-0.688808532103504,0,0,0,-0.300369105788034,-0.947551929020943,0.950281301271407,0.76456630417633,0.661369951430088,-0.144193918702381,0.194837208332975,-0.523896707122685
1,0,0,-0.275381732233447,-0.688808532103504,0,0,0,-0.300369105788034,-0.947551929020943,0.950281301271407,0.76456630417633,0.661369951430088,-0.106191491886881,0.202440146138914,-0.766268861796303
1,0,0,1.19618939938903,2.70421127418413,0,0,0,-0.300369105788034,-0.947551929020943,0.950281301271407,0.76456630417633,0.661369951430088,-0.231219476109875,0.123901798603584,-0.539204422154704
1,1,0,-0.275381732233447,-0.688808532103504,0,0,0,0.422761628260023,1.4334121887161,0.557633449035975,-0.000254053808513866,0.585315869489422,1.21990794214333,-0.556947391421657,0.245890012549918
1,1,0,0.21514197830738,0.280625698264391,0,0,0,0.422761628260023,1.4334121887161,0.557633449035975,-0.000254053808513866,0.585315869489422,0.658534266185016,-0.50324407156021,0.678077833620558
1,1,0,1.19618939938903,-0.688808532103504,0,0,0,0.422761628260023,1.4334121887161,0.557633449035975,-0.000254053808513866,0.585315869489422,-0.690212787187478,0.642788048350389,1.17108591725461
1,1,0,0.460403833577794,-0.688808532103504,0,0,0,0.422761628260023,1.4334121887161,0.557633449035975,-0.000254053808513866,0.585315869489422,-1.2799439471171,0.437209361913985,1.78213880753661
1,1,0,-0.275381732233447,-0.204091416919557,0,0,1,0.422761628260023,1.4334121887161,0.557633449035975,-0.000254053808513866,0.585315869489422,-1.28752774222518,-0.738844651197186,2.46171537834929
1,1,0,-0.275381732233447,-0.688808532103504,0,1,0,0.422761628260023,1.4334121887161,0.557633449035975,-0.000254053808513866,0.585315869489422,-1.29750106830586,-0.707115935011767,2.43134139387497
1,1,0,-0.275381732233447,-0.204091416919557,1,0,0,0.422761628260023,1.4334121887161,0.557633449035975,-0.000254053808513866,0.585315869489422,-1.26552202614062,0.00958687685519411,2.03182199069167
1,1,0,-0.275381732233447,-0.204091416919557,0,0,0,0.422761628260023,1.4334121887161,0.557633449035975,-0.000254053808513866,0.585315869489422,-1.1997551724569,-0.563314590744232,1.72589583388111
1,1,0,-0.275381732233447,-0.688808532103504,0,0,0,0.422761628260023,1.4334121887161,0.557633449035975,-0.000254053808513866,0.585315869489422,-1.03602537060182,-0.668540529318895,1.96328408846628
1,1,0,-0.275381732233447,-0.688808532103504,0,0,0,0.422761628260023,1.4334121887161,0.557633449035975,-0.000254053808513866,0.585315869489422,-1.05499333188611,-0.50506548690093,1.70057738838164
1,1,0,-0.275381732233447,1.73477704381623,0,0,0,0.422761628260023,1.4334121887161,0.557633449035975,-0.000254053808513866,0.585315869489422,-0.917003269911471,-0.408230819593598,1.1294120478239
1,1,0,-0.275381732233447,0.765342813448338,0,0,0,0.422761628260023,1.4334121887161,0.557633449035975,-0.000254053808513866,0.585315869489422,-0.846201056210699,-0.565727061394193,0.879519022699754
1,1,0,-0.275381732233447,-0.688808532103504,0,0,0,0.422761628260023,1.4334121887161,0.557633449035975,-0.000254053808513866,0.585315869489422,-0.504765694631193,-0.2580888041112,0.301667499197834
1,1,0,-0.275381732233447,1.73477704381623,0,0,0,0.422761628260023,1.4334121887161,0.557633449035975,-0.000254053808513866,0.585315869489422,-0.400206767551698,-0.0508636064561971,-0.412521121112386
1,1,0,-0.275381732233447,0.280625698264391,0,0,0,0.422761628260023,1.4334121887161,0.557633449035975,-0.000254053808513866,0.585315869489422,-0.639109023727335,0.650314956778266,0.214844053000607
1,1,0,-0.275381732233447,-0.688808532103504,0,0,0,0.422761628260023,1.4334121887161,0.557633449035975,-0.000254053808513866,0.585315869489422,-0.402449641549711,0.685380217675445,0.779540508896886
1,1,0,-0.0301198769630332,-0.688808532103504,0,0,0,0.422761628260023,1.4334121887161,0.557633449035975,-0.000254053808513866,0.585315869489422,-0.52138225575627,0.703003315773409,0.881542879254465
1,1,0,0.21514197830738,-0.688808532103504,0,0,0,0.422761628260023,1.4334121887161,0.557633449035975,-0.000254053808513866,0.585315869489422,-0.554707826217815,0.940860859506286,0.712213547510068
1,1,0,1.19618939938903,2.70421127418413,0,0,0,0.422761628260023,1.4334121887161,0.557633449035975,-0.000254053808513866,0.585315869489422,-1.1007150016485,1.03084601474983,1.1638034067519
1,0,1,-0.275381732233447,-0.688808532103504,0,0,0,-1.02652748349699,0.600009187890565,0.727938260595737,-0.0382691323072112,0.685416437432813,-0.0332068311238518,-0.781746576164963,0.514585730255022
1,0,1,-0.275381732233447,0.280625698264391,0,0,0,-1.02652748349699,0.600009187890565,0.727938260595737,-0.0382691323072112,0.685416437432813,-0.00275180935869624,-0.850881092219552,0.91109118495329
1,0,1,-0.0301198769630332,-0.688808532103504,0,0,0,-1.02652748349699,0.600009187890565,0.727938260595737,-0.0382691323072112,0.685416437432813,0.428426648553565,-0.785442825839367,-0.393183171732094
1,0,1,-0.275381732233447,-0.688808532103504,0,0,0,-1.02652748349699,0.600009187890565,0.727938260595737,-0.0382691323072112,0.685416437432813,0.0596306358907472,-0.814694032470141,0.240250198950782
1,0,1,0.460403833577794,-0.204091416919557,0,0,1,-1.02652748349699,0.600009187890565,0.727938260595737,-0.0382691323072112,0.685416437432813,-0.490030253633483,-0.858594967122802,0.429403205648603
1,0,1,0.21514197830738,-0.688808532103504,0,1,0,-1.02652748349699,0.600009187890565,0.727938260595737,-0.0382691323072112,0.685416437432813,-0.870800319414732,-0.828957765188034,1.03045824455031
1,0,1,-0.275381732233447,-0.204091416919557,1,0,0,-1.02652748349699,0.600009187890565,0.727938260595737,-0.0382691323072112,0.685416437432813,-0.966737445910461,-0.818608266099702,1.2704066776772
1,0,1,-0.275381732233447,-0.204091416919557,0,0,0,-1.02652748349699,0.600009187890565,0.727938260595737,-0.0382691323072112,0.685416437432813,-0.9041902016755,-0.857889319457688,0.847734355507969
1,0,1,-0.275381732233447,-0.688808532103504,0,0,0,-1.02652748349699,0.600009187890565,0.727938260595737,-0.0382691323072112,0.685416437432813,-0.944115770532634,-0.864873421989325,0.722197906513324
1,0,1,-0.275381732233447,-0.688808532103504,0,0,0,-1.02652748349699,0.600009187890565,0.727938260595737,-0.0382691323072112,0.685416437432813,-0.975359246494227,-0.773446815532437,0.59489395612756
1,0,1,-0.275381732233447,1.73477704381623,0,0,0,-1.02652748349699,0.600009187890565,0.727938260595737,-0.0382691323072112,0.685416437432813,-0.960153525464675,-0.502242896240476,1.29566440748003
1,0,1,-0.275381732233447,0.765342813448338,0,0,0,-1.02652748349699,0.600009187890565,0.727938260595737,-0.0382691323072112,0.685416437432813,-1.18737515110585,0.474771529933876,-0.34531896421311
1,0,1,-0.275381732233447,-0.688808532103504,0,0,0,-1.02652748349699,0.600009187890565,0.727938260595737,-0.0382691323072112,0.685416437432813,-1.19482326135374,-0.548815642137968,0.0306731065216408
1,0,1,-0.275381732233447,1.73477704381623,0,0,0,-1.02652748349699,0.600009187890565,0.727938260595737,-0.0382691323072112,0.685416437432813,-1.09455460824894,-0.191089415276212,-1.78644330556527
1,0,1,-0.275381732233447,0.280625698264391,0,0,0,-1.02652748349699,0.600009187890565,0.727938260595737,-0.0382691323072112,0.685416437432813,-1.18174786867355,-0.855464786454478,-2.68611145539523
1,0,1,-0.275381732233447,-0.688808532103504,0,0,0,-1.02652748349699,0.600009187890565,0.727938260595737,-0.0382691323072112,0.685416437432813,-1.13948697760702,-0.534702688835698,1.1071522886912
1,0,1,-0.275381732233447,-0.688808532103504,0,0,0,-1.02652748349699,0.600009187890565,0.727938260595737,-0.0382691323072112,0.685416437432813,-1.19818122579162,-0.702622073565517,1.2190049819381
1,0,1,-0.275381732233447,-0.688808532103504,0,0,0,-1.02652748349699,0.600009187890565,0.727938260595737,-0.0382691323072112,0.685416437432813,-1.07568565328715,-0.285609063050627,0.465842742916227
1,0,1,0.21514197830738,2.70421127418413,0,0,0,-1.02652748349699,0.600009187890565,0.727938260595737,-0.0382691323072112,0.685416437432813,-1.14513033798912,0.276321694268103,0.656328121845901
1,0,0,-0.0301198769630332,-0.688808532103504,0,0,0,-0.157627381184578,-0.963940601029259,-0.618786668970876,0.830992377251638,0.799341010652438,1.03540140965072,-0.850832842806553,-0.732847017309731
1,0,0,-0.275381732233447,0.280625698264391,0,0,0,-0.157627381184578,-0.963940601029259,-0.618786668970876,0.830992377251638,0.799341010652438,1.18087469950046,-0.869650113876247,-0.859135666323879
1,0,0,-0.275381732233447,-0.688808532103504,0,0,0,-0.157627381184578,-0.963940601029259,-0.618786668970876,0.830992377251638,0.799341010652438,0.970189245235326,-0.869650113876247,-0.551833287056118
1,0,0,-0.275381732233447,-0.688808532103504,0,0,0,-0.157627381184578,-0.963940601029259,-0.618786668970876,0.830992377251638,0.799341010652438,1.53741346788347,-0.858169677789282,-0.559508405287451
1,0,0,-0.275381732233447,-0.204091416919557,0,0,1,-0.157627381184578,-0.963940601029259,-0.618786668970876,0.830992377251638,0.799341010652438,1.69504753431416,-0.877177022304124,-1.40428166790162
1,0,0,-0.275381732233447,-0.688808532103504,0,1,0,-0.157627381184578,-0.963940601029259,-0.618786668970876,0.830992377251638,0.799341010652438,1.26696286371317,-0.83916233327444,-1.14896173759675
1,0,0,-0.0301198769630332,-0.204091416919557,1,0,0,-0.157627381184578,-0.963940601029259,-0.618786668970876,0.830992377251638,0.799341010652438,0.618388112728639,-0.785941768632882,-0.704612787361785
1,0,0,0.21514197830738,-0.204091416919557,0,0,0,-0.157627381184578,-0.963940601029259,-0.618786668970876,0.830992377251638,0.799341010652438,1.01470908824968,-0.816961754881104,-0.507106057196941
1,0,0,-0.275381732233447,-0.688808532103504,0,0,0,-0.157627381184578,-0.963940601029259,-0.618786668970876,0.830992377251638,0.799341010652438,0.892436279970814,-0.387927974492087,-1.00384140998592
1,0,0,-0.275381732233447,-0.688808532103504,0,0,0,-0.157627381184578,-0.963940601029259,-0.618786668970876,0.830992377251638,0.799341010652438,0.282953358703833,-0.293841619143618,-0.688645990154779
1,0,0,-0.275381732233447,1.73477704381623,0,0,0,-0.157627381184578,-0.963940601029259,-0.618786668970876,0.830992377251638,0.799341010652438,0.39832872651569,-0.308895435999373,-0.558147719506826
1,0,0,-0.275381732233447,0.765342813448338,0,0,0,-0.157627381184578,-0.963940601029259,-0.618786668970876,0.830992377251638,0.799341010652438,0.553834657044714,-0.49706814669631,-0.768628801197073
1,0,0,-0.275381732233447,-0.688808532103504,0,0,0,-0.157627381184578,-0.963940601029259,-0.618786668970876,0.830992377251638,0.799341010652438,0.676658500512409,0.29367539981015,-0.872572438407538
1,0,0,-0.275381732233447,1.73477704381623,0,0,0,-0.157627381184578,-0.963940601029259,-0.618786668970876,0.830992377251638,0.799341010652438,0.658665514754867,0.178894313239916,-0.697280010036361
1,0,0,-0.275381732233447,0.280625698264391,0,0,0,-0.157627381184578,-0.963940601029259,-0.618786668970876,0.830992377251638,0.799341010652438,0.602413759281287,-0.255216694316352,-0.0872239941040689
1,0,0,-0.275381732233447,-0.688808532103504,0,0,0,-0.157627381184578,-0.963940601029259,-0.618786668970876,0.830992377251638,0.799341010652438,1.22181518893913,-0.0803832004467792,-0.664616066661808
1,0,0,-0.275381732233447,-0.688808532103504,0,0,0,-0.157627381184578,-0.963940601029259,-0.618786668970876,0.830992377251638,0.799341010652438,1.03038508931108,0.899173366674966,-1.2169535051973
1,0,0,-0.275381732233447,-0.688808532103504,0,0,0,-0.157627381184578,-0.963940601029259,-0.618786668970876,0.830992377251638,0.799341010652438,1.49497742460616,-0.318361093567764,-1.11069245001671
1,0,0,-0.275381732233447,2.70421127418413,0,0,0,-0.157627381184578,-0.963940601029259,-0.618786668970876,0.830992377251638,0.799341010652438,1.19466958043448,0.329010053263246,-1.52215107364816
1,1,0,-0.275381732233447,-0.688808532103504,0,0,0,0.465766513691312,2.46451111035452,1.92847322967229,-0.173974122973073,-0.591894153469072,0.936682797838459,-0.78465877287813,0.531550619059275
1,1,0,-0.0301198769630332,0.280625698264391,0,0,0,0.465766513691312,2.46451111035452,1.92847322967229,-0.173974122973073,-0.591894153469072,0.642516034477739,-0.822606936202012,0.80516831532686
1,1,0,9.7803543338535,-0.688808532103504,0,0,0,0.465766513691312,2.46451111035452,1.92847322967229,-0.173974122973073,-0.591894153469072,0.700265008011876,-0.300774297958769,0.35284763590357
1,1,0,4.62985537317482,-0.688808532103504,0,0,0,0.465766513691312,2.46451111035452,1.92847322967229,-0.173974122973073,-0.591894153469072,-0.321871550819192,0.00562180902265124,1.11217000733506
1,1,0,0.460403833577794,-0.204091416919557,0,0,1,0.465766513691312,2.46451111035452,1.92847322967229,-0.173974122973073,-0.591894153469072,-0.865574985727601,-0.714616708340936,1.95689657230665
1,1,0,-0.275381732233447,-0.688808532103504,0,1,0,0.465766513691312,2.46451111035452,1.92847322967229,-0.173974122973073,-0.591894153469072,-1.10537760709241,-0.704926617896928,2.14739769234286
1,1,0,-0.275381732233447,-0.204091416919557,1,0,0,0.465766513691312,2.46451111035452,1.92847322967229,-0.173974122973073,-0.591894153469072,-1.12083253634396,-0.360878147329402,2.06845885397338
1,1,0,-0.275381732233447,-0.204091416919557,0,0,0,0.465766513691312,2.46451111035452,1.92847322967229,-0.173974122973073,-0.591894153469072,-0.782532374976731,-0.631587510138121,1.71766548389194
1,1,0,-0.275381732233447,-0.688808532103504,0,0,0,0.465766513691312,2.46451111035452,1.92847322967229,-0.173974122973073,-0.591894153469072,-0.545704174326139,-0.814935279535137,1.57882892423856
1,1,0,-0.275381732233447,-0.688808532103504,0,0,0,0.465766513691312,2.46451111035452,1.92847322967229,-0.173974122973073,-0.591894153469072,-0.119342331692771,-0.818001656703377,1.3037513121976
1,1,0,-0.275381732233447,1.73477704381623,0,0,0,0.465766513691312,2.46451111035452,1.92847322967229,-0.173974122973073,-0.591894153469072,0.719508804478428,-0.804705099941115,0.328034521187951
1,1,0,-0.275381732233447,0.765342813448338,0,0,0,0.465766513691312,2.46451111035452,1.92847322967229,-0.173974122973073,-0.591894153469072,0.600710136975326,-0.854291152084226,0.120824429280725
1,1,0,-0.275381732233447,-0.688808532103504,0,0,0,0.465766513691312,2.46451111035452,1.92847322967229,-0.173974122973073,-0.591894153469072,1.36908839440622,-0.858614038681318,-0.367406350072392
1,1,0,-0.275381732233447,1.73477704381623,0,0,0,0.465766513691312,2.46451111035452,1.92847322967229,-0.173974122973073,-0.591894153469072,1.21470096773672,-0.839542480164737,-0.505641222641937
1,1,0,-0.275381732233447,0.280625698264391,0,0,0,0.465766513691312,2.46451111035452,1.92847322967229,-0.173974122973073,-0.591894153469072,0.782390752519831,-0.557989061784444,-0.0721995221544678
1,1,0,-0.275381732233447,-0.688808532103504,0,0,0,0.465766513691312,2.46451111035452,1.92847322967229,-0.173974122973073,-0.591894153469072,0.444628007488369,-0.133131952710557,0.616734923776602
1,1,0,-0.275381732233447,-0.688808532103504,0,0,0,0.465766513691312,2.46451111035452,1.92847322967229,-0.173974122973073,-0.591894153469072,0.488391477876834,-0.0403036510466917,0.479136284917718
1,1,0,-0.275381732233447,-0.688808532103504,0,0,0,0.465766513691312,2.46451111035452,1.92847322967229,-0.173974122973073,-0.591894153469072,-0.425601889271155,-0.316518843253249,1.31734665736953
1,1,0,4.62985537317482,2.70421127418413,0,0,0,0.465766513691312,2.46451111035452,1.92847322967229,-0.173974122973073,-0.591894153469072,-0.386854030237353,-0.37972557428222,1.33772014668698
1,0,1,-0.275381732233447,-0.688808532103504,0,0,0,-1.3908422890543,-0.0819838901552146,-0.977305521598907,-0.728085893009802,0.760163876264041,0.415757224105997,-0.748592336661217,-0.421729668436335
1,0,1,-0.275381732233447,0.280625698264391,0,0,0,-1.3908422890543,-0.0819838901552146,-0.977305521598907,-0.728085893009802,0.760163876264041,0.311170160614341,-0.858830183011173,0.365206475733077
1,0,1,-0.275381732233447,-0.688808532103504,0,0,0,-1.3908422890543,-0.0819838901552146,-0.977305521598907,-0.728085893009802,0.760163876264041,0.478746611960639,-0.717230218211727,-1.33495446161989
1,0,1,-0.275381732233447,-0.688808532103504,0,0,0,-1.3908422890543,-0.0819838901552146,-0.977305521598907,-0.728085893009802,0.760163876264041,-0.117411708404158,-0.778856780964974,-1.0023943525493
1,0,1,-0.275381732233447,-0.204091416919557,0,0,1,-1.3908422890543,-0.0819838901552146,-0.977305521598907,-0.728085893009802,0.760163876264041,-0.288436879983962,-0.8602414783414,-1.16538564018319
1,0,1,0.460403833577794,-0.688808532103504,0,1,0,-1.3908422890543,-0.0819838901552146,-0.977305521598907,-0.728085893009802,0.760163876264041,-0.156758471068256,-0.662189700332873,-0.790729314774549
1,0,1,0.21514197830738,-0.204091416919557,1,0,0,-1.3908422890543,-0.0819838901552146,-0.977305521598907,-0.728085893009802,0.760163876264041,-0.297685720610184,-0.753453465020888,-1.16367548139446
1,0,1,-0.275381732233447,-0.204091416919557,0,0,0,-1.3908422890543,-0.0819838901552146,-0.977305521598907,-0.728085893009802,0.760163876264041,-0.12703436136338,-0.866320904379301,-1.26752293431108
1,0,1,-0.0301198769630332,-0.688808532103504,0,0,0,-1.3908422890543,-0.0819838901552146,-0.977305521598907,-0.728085893009802,0.760163876264041,-0.704164428132119,-0.438028958715146,-1.38362821176076
1,0,1,-0.275381732233447,-0.688808532103504,0,0,0,-1.3908422890543,-0.0819838901552146,-0.977305521598907,-0.728085893009802,0.760163876264041,-0.817078240101632,-0.59466366881183,-1.42635373808968
1,0,1,-0.275381732233447,1.73477704381623,0,0,0,-1.3908422890543,-0.0819838901552146,-0.977305521598907,-0.728085893009802,0.760163876264041,-0.618886982358138,-0.377343259515384,-1.5280708540707
1,0,1,-0.275381732233447,0.765342813448338,0,0,0,-1.3908422890543,-0.0819838901552146,-0.977305521598907,-0.728085893009802,0.760163876264041,-0.509154974928383,-0.685240857393248,-1.45558643156362
1,0,1,-0.275381732233447,-0.688808532103504,0,0,0,-1.3908422890543,-0.0819838901552146,-0.977305521598907,-0.728085893009802,0.760163876264041,-0.540076891893843,-0.467539505940791,-1.68713585998844
1,0,1,-0.275381732233447,1.73477704381623,0,0,0,-1.3908422890543,-0.0819838901552146,-0.977305521598907,-0.728085893009802,0.760163876264041,-0.512290175140662,-0.526940564519449,-2.34131713345139
1,0,1,-0.275381732233447,0.280625698264391,0,0,0,-1.3908422890543,-0.0819838901552146,-0.977305521598907,-0.728085893009802,0.760163876264041,-0.636287343536285,-0.863299284890225,-2.68611145539523
1,0,1,-0.275381732233447,-0.688808532103504,0,0,0,-1.3908422890543,-0.0819838901552146,-0.977305521598907,-0.728085893009802,0.760163876264041,-0.453034891128594,-0.497538578473053,-1.02554727153523
1,0,1,-0.275381732233447,-0.688808532103504,0,0,0,-1.3908422890543,-0.0819838901552146,-0.977305521598907,-0.728085893009802,0.760163876264041,-0.686547014631586,-0.582131861813926,-1.32527030800559
1,0,1,-0.275381732233447,-0.688808532103504,0,0,0,-1.3908422890543,-0.0819838901552146,-0.977305521598907,-0.728085893009802,0.760163876264041,-0.721408029299652,-0.540112654268235,-0.454880438802548
1,0,1,-0.275381732233447,2.70421127418413,0,0,0,-1.3908422890543,-0.0819838901552146,-0.977305521598907,-0.728085893009802,0.760163876264041,-0.535647416722138,-0.360172499664288,-1.43611693150727
1,0,0,-0.0301198769630332,-0.688808532103504,0,0,0,0.848635148721593,-0.977677383962107,-1.44750713589937,0.827834467100664,0.917646794157589,0.159825495821612,-0.850566739983345,-1.06445039419082
1,0,0,-0.275381732233447,0.280625698264391,0,0,0,0.848635148721593,-0.977677383962107,-1.44750713589937,0.827834467100664,0.917646794157589,0.182626951910914,-0.854596297020492,-0.257159772689773
1,0,0,-0.275381732233447,-0.688808532103504,0,0,0,0.848635148721593,-0.977677383962107,-1.44750713589937,0.827834467100664,0.917646794157589,0.624063141799757,-0.862123205448369,-0.909651125929539
1,0,0,-0.275381732233447,-0.688808532103504,0,0,0,0.848635148721593,-0.977677383962107,-1.44750713589937,0.827834467100664,0.917646794157589,0.788981137295951,-0.857777773778667,-0.808598507637635
1,0,0,-0.275381732233447,-0.204091416919557,0,0,1,0.848635148721593,-0.977677383962107,-1.44750713589937,0.827834467100664,0.917646794157589,0.939464283154995,-0.850832842806553,-1.11171296435218
1,0,0,-0.275381732233447,-0.688808532103504,0,1,0,0.848635148721593,-0.977677383962107,-1.44750713589937,0.827834467100664,0.917646794157589,0.454128825963916,-0.822859126432843,-0.854709053884208
1,0,0,-0.275381732233447,-0.204091416919557,1,0,0,0.848635148721593,-0.977677383962107,-1.44750713589937,0.827834467100664,0.917646794157589,0.369902911257698,-0.771800304313839,-0.993843558605638
1,0,0,0.95092754411862,-0.204091416919557,0,0,0,0.848635148721593,-0.977677383962107,-1.44750713589937,0.827834467100664,0.917646794157589,0.0876208848721664,-0.805899480373466,-0.337333930169969
1,0,0,-0.275381732233447,-0.688808532103504,0,0,0,0.848635148721593,-0.977677383962107,-1.44750713589937,0.827834467100664,0.917646794157589,0.0540520745184711,-0.709912390573513,-0.528680368070191
1,0,0,-0.275381732233447,-0.688808532103504,0,0,0,0.848635148721593,-0.977677383962107,-1.44750713589937,0.827834467100664,0.917646794157589,-0.258809237977928,-0.626907317077197,-0.569197976295564
1,0,0,-0.275381732233447,1.73477704381623,0,0,0,0.848635148721593,-0.977677383962107,-1.44750713589937,0.827834467100664,0.917646794157589,-0.0305666625240378,-0.237389805934537,-0.644444962999827
1,0,0,-0.275381732233447,0.765342813448338,0,0,0,0.848635148721593,-0.977677383962107,-1.44750713589937,0.827834467100664,0.917646794157589,0.066624544056602,-0.425562516631474,-0.486584151732142
1,0,0,-0.275381732233447,-0.688808532103504,0,0,0,0.848635148721593,-0.977677383962107,-1.44750713589937,0.827834467100664,0.917646794157589,-0.0330748226938609,-0.162120721655762,-0.682331557704072
1,0,0,-0.275381732233447,1.73477704381623,0,0,0,0.848635148721593,-0.977677383962107,-1.44750713589937,0.827834467100664,0.917646794157589,-0.0246801641662907,-0.416345894066726,-0.60063053375002
1,0,0,-0.275381732233447,0.280625698264391,0,0,0,0.848635148721593,-0.977677383962107,-1.44750713589937,0.827834467100664,0.917646794157589,-0.147394123065789,-0.500831600910249,0.290164892715988
1,0,0,-0.275381732233447,-0.688808532103504,0,0,0,0.848635148721593,-0.977677383962107,-1.44750713589937,0.827834467100664,0.917646794157589,0.559504144095253,-0.0254994931601727,-1.09599265856344
1,0,0,-0.275381732233447,-0.688808532103504,0,0,0,0.848635148721593,-0.977677383962107,-1.44750713589937,0.827834467100664,0.917646794157589,0.345657362949407,-0.207282172223027,-1.13697069415501
1,0,0,-0.275381732233447,-0.688808532103504,0,0,0,0.848635148721593,-0.977677383962107,-1.44750713589937,0.827834467100664,0.917646794157589,0.0306172446489178,-0.386787533821196,-1.13195316533896
1,0,0,-0.275381732233447,2.70421127418413,0,0,0,0.848635148721593,-0.977677383962107,-1.44750713589937,0.827834467100664,0.917646794157589,0.195167752760029,-0.0153460073121502,-0.97910988288732
1,1,0,-0.275381732233447,-0.688808532103504,0,0,0,1.92896990670007,0.690196554130157,1.06542267934938,-0.582600369564848,-1.70743674400933,1.00228083304922,-0.592022991478765,0.504026169915161
1,1,0,-0.275381732233447,0.280625698264391,0,0,0,1.92896990670007,0.690196554130157,1.06542267934938,-0.582600369564848,-1.70743674400933,0.846819116882159,-0.439205038157002,0.491100472719057
1,1,0,-0.0301198769630332,-0.688808532103504,0,0,0,1.92896990670007,0.690196554130157,1.06542267934938,-0.582600369564848,-1.70743674400933,0.669105518182825,0.448656535148052,0.126003496437184
1,1,0,4.62985537317482,-0.688808532103504,0,0,0,1.92896990670007,0.690196554130157,1.06542267934938,-0.582600369564848,-1.70743674400933,0.297866743497373,0.569972837934082,0.384921300023154
1,1,0,0.21514197830738,-0.204091416919557,0,0,1,1.92896990670007,0.690196554130157,1.06542267934938,-0.582600369564848,-1.70743674400933,-0.775794252375984,-0.487716533195008,1.89296825892207
1,1,0,-0.275381732233447,-0.688808532103504,0,1,0,1.92896990670007,0.690196554130157,1.06542267934938,-0.582600369564848,-1.70743674400933,-0.815492172080174,0.598290027211865,1.31127508770539
1,1,0,-0.275381732233447,-0.204091416919557,1,0,0,1.92896990670007,0.690196554130157,1.06542267934938,-0.582600369564848,-1.70743674400933,-0.92409872302347,1.21376842747961,1.06640619771267
1,1,0,-0.275381732233447,-0.204091416919557,0,0,0,1.92896990670007,0.690196554130157,1.06542267934938,-0.582600369564848,-1.70743674400933,-0.600566288214453,0.392381766156023,1.18334559154903
1,1,0,-0.275381732233447,-0.688808532103504,0,0,0,1.92896990670007,0.690196554130157,1.06542267934938,-0.582600369564848,-1.70743674400933,-0.364988018500432,-0.499866612650265,1.4135473056036
1,1,0,-0.275381732233447,-0.688808532103504,0,0,0,1.92896990670007,0.690196554130157,1.06542267934938,-0.582600369564848,-1.70743674400933,0.147416241834551,-0.726638853746574,1.02199852415161
1,1,0,-0.275381732233447,1.73477704381623,0,0,0,1.92896990670007,0.690196554130157,1.06542267934938,-0.582600369564848,-1.70743674400933,0.416721901094389,-0.764273395885962,0.383111984418533
1,1,0,-0.275381732233447,0.765342813448338,0,0,0,1.92896990670007,0.690196554130157,1.06542267934938,-0.582600369564848,-1.70743674400933,0.956526372731291,-0.81552569998368,-0.120042425920245
1,1,0,-0.275381732233447,-0.688808532103504,0,0,0,1.92896990670007,0.690196554130157,1.06542267934938,-0.582600369564848,-1.70743674400933,1.59924241624843,-0.764520991557932,-0.629766677039847
1,1,0,-0.275381732233447,1.73477704381623,0,0,0,1.92896990670007,0.690196554130157,1.06542267934938,-0.582600369564848,-1.70743674400933,1.52487266703436,-0.799341946515846,-0.782214398287988
1,1,0,-0.275381732233447,0.280625698264391,0,0,0,1.92896990670007,0.690196554130157,1.06542267934938,-0.582600369564848,-1.70743674400933,-0.442845490438688,-0.810610925895083,0.770119456634691
1,1,0,-0.275381732233447,-0.688808532103504,0,0,0,1.92896990670007,0.690196554130157,1.06542267934938,-0.582600369564848,-1.70743674400933,0.00451368579713733,0.91376946612632,0.26901448814643
1,1,0,-0.275381732233447,-0.688808532103504,0,0,0,1.92896990670007,0.690196554130157,1.06542267934938,-0.582600369564848,-1.70743674400933,-0.335506135802512,0.597007608603202,0.661507064250648
1,1,0,-0.275381732233447,-0.688808532103504,0,0,0,1.92896990670007,0.690196554130157,1.06542267934938,-0.582600369564848,-1.70743674400933,-0.667997654254762,-0.162120721655762,1.41360898504146
1,1,0,1.93197496520027,2.70421127418413,0,0,0,1.92896990670007,0.690196554130157,1.06542267934938,-0.582600369564848,-1.70743674400933,-0.607938533195785,-0.190099032588332,1.42865521725326
1,0,1,-0.275381732233447,-0.688808532103504,0,0,0,-0.29068248171544,-0.157534431292148,-1.049217240814,0.246801989514496,0.700986370442919,1.80875079534614,-0.371462862306105,-0.688958867438371
1,0,1,-0.275381732233447,0.280625698264391,0,0,0,-0.29068248171544,-0.157534431292148,-1.049217240814,0.246801989514496,0.700986370442919,1.0740688789355,-0.829611142655732,0.110363582728252
1,0,1,-0.275381732233447,-0.688808532103504,0,0,0,-0.29068248171544,-0.157534431292148,-1.049217240814,0.246801989514496,0.700986370442919,1.50155617805532,-0.835580949413222,-1.02178769168793
1,0,1,-0.275381732233447,-0.688808532103504,0,0,0,-0.29068248171544,-0.157534431292148,-1.049217240814,0.246801989514496,0.700986370442919,1.28380573416204,-0.857394762974446,-0.472687003389771
1,0,1,-0.275381732233447,-0.204091416919557,0,0,1,-0.29068248171544,-0.157534431292148,-1.049217240814,0.246801989514496,0.700986370442919,1.36548171917935,-0.843402433204674,-0.576308458991125
1,0,1,-0.275381732233447,-0.688808532103504,0,1,0,-0.29068248171544,-0.157534431292148,-1.049217240814,0.246801989514496,0.700986370442919,1.43111451752482,-0.738590363750299,-0.580589553757314
1,0,1,-0.275381732233447,-0.204091416919557,1,0,0,-0.29068248171544,-0.157534431292148,-1.049217240814,0.246801989514496,0.700986370442919,1.26402985589997,-0.769580831315876,-0.625555635155829
1,0,1,-0.0301198769630332,-0.204091416919557,0,0,0,-0.29068248171544,-0.157534431292148,-1.049217240814,0.246801989514496,0.700986370442919,0.807054327523089,-0.782306613994419,0.0100927340897061
1,0,1,-0.275381732233447,-0.688808532103504,0,0,0,-0.29068248171544,-0.157534431292148,-1.049217240814,0.246801989514496,0.700986370442919,0.747458021733547,-0.800669959665501,-0.173078119530353
1,0,1,-0.275381732233447,-0.688808532103504,0,0,0,-0.29068248171544,-0.157534431292148,-1.049217240814,0.246801989514496,0.700986370442919,0.983513846137511,-0.786618905281223,-0.316489127591211
1,0,1,-0.275381732233447,1.73477704381623,0,0,0,-0.29068248171544,-0.157534431292148,-1.049217240814,0.246801989514496,0.700986370442919,1.5146850933842,-0.667050828692544,-1.48974238401867
1,0,1,-0.275381732233447,0.765342813448338,0,0,0,-0.29068248171544,-0.157534431292148,-1.049217240814,0.246801989514496,0.700986370442919,1.68040530197141,-0.816910897391727,-1.20406864979112
1,0,1,-0.275381732233447,-0.688808532103504,0,0,0,-0.29068248171544,-0.157534431292148,-1.049217240814,0.246801989514496,0.700986370442919,1.97051612559722,-0.802403129369289,-1.65115382082094
1,0,1,-0.275381732233447,1.73477704381623,0,0,0,-0.29068248171544,-0.157534431292148,-1.049217240814,0.246801989514496,0.700986370442919,1.93866909186197,-0.417887050800415,-2.08596342378633
1,0,1,-0.275381732233447,0.280625698264391,0,0,0,-0.29068248171544,-0.157534431292148,-1.049217240814,0.246801989514496,0.700986370442919,2.21889929491142,-0.114353802786539,-2.68611145539523
1,0,1,-0.275381732233447,-0.688808532103504,0,0,0,-0.29068248171544,-0.157534431292148,-1.049217240814,0.246801989514496,0.700986370442919,2.00053466418733,-0.700701534164023,-0.652124678142577
1,0,1,-0.275381732233447,-0.688808532103504,0,0,0,-0.29068248171544,-0.157534431292148,-1.049217240814,0.246801989514496,0.700986370442919,1.44182236348454,-0.752883994975358,-0.0927629699380207
1,0,1,-0.275381732233447,-0.688808532103504,0,0,0,-0.29068248171544,-0.157534431292148,-1.049217240814,0.246801989514496,0.700986370442919,1.06209080632961,-0.701790406051979,0.302045285754715
1,0,1,-0.275381732233447,2.70421127418413,0,0,0,-0.29068248171544,-0.157534431292148,-1.049217240814,0.246801989514496,0.700986370442919,0.812433347495136,-0.608200735837326,-0.0759912769349163
1,0,0,-0.275381732233447,-0.688808532103504,0,0,0,0.622394947296838,-1.00374020840399,-0.744422874329869,0.834619425444661,-0.667569447955872,0.625394002298029,-0.877177022304124,-0.486798928346114
1,0,0,-0.275381732233447,0.280625698264391,0,0,0,0.622394947296838,-1.00374020840399,-0.744422874329869,0.834619425444661,-0.667569447955872,1.371494872407,-0.877177022304124,-0.282417502492602
1,0,0,-0.275381732233447,-0.688808532103504,0,0,0,0.622394947296838,-1.00374020840399,-0.744422874329869,0.834619425444661,-0.667569447955872,0.629079462139403,-0.869650113876247,-0.143499988577039
1,0,0,-0.275381732233447,-0.688808532103504,0,0,0,0.622394947296838,-1.00374020840399,-0.744422874329869,0.834619425444661,-0.667569447955872,0.421529208086552,-0.865886659662308,0.220106080042863
1,0,0,-0.0301198769630332,-0.204091416919557,0,0,1,0.622394947296838,-1.00374020840399,-0.744422874329869,0.834619425444661,-0.667569447955872,0.461032730761264,-0.869650113876247,0.0754003363808181
1,0,0,-0.0301198769630332,-0.688808532103504,0,1,0,0.622394947296838,-1.00374020840399,-0.744422874329869,0.834619425444661,-0.667569447955872,0.197675912929852,-0.73792921638839,-0.0256305828305003
1,0,0,-0.0301198769630332,-0.204091416919557,1,0,0,0.622394947296838,-1.00374020840399,-0.744422874329869,0.834619425444661,-0.667569447955872,-0.191037726450467,-0.808052353068515,0.432444979443949
1,0,0,-0.275381732233447,-0.204091416919557,0,0,0,0.622394947296838,-1.00374020840399,-0.744422874329869,0.834619425444661,-0.667569447955872,-0.42936412952589,-0.839542480164737,0.490048067310605
1,0,0,-0.275381732233447,-0.688808532103504,0,0,0,0.622394947296838,-1.00374020840399,-0.744422874329869,0.834619425444661,-0.667569447955872,-0.288603140601279,-0.801147644244756,0.162824397785897
1,0,0,-0.275381732233447,-0.688808532103504,0,0,0,0.622394947296838,-1.00374020840399,-0.744422874329869,0.834619425444661,-0.667569447955872,-0.232866247938545,-0.785941768632882,0.456222269232909
1,0,0,-0.275381732233447,1.73477704381623,0,0,0,0.622394947296838,-1.00374020840399,-0.744422874329869,0.834619425444661,-0.667569447955872,-0.123368588807488,-0.496127283142826,0.175378850183686
1,0,0,-0.275381732233447,0.765342813448338,0,0,0,0.622394947296838,-1.00374020840399,-0.744422874329869,0.834619425444661,-0.667569447955872,0.390804246006221,-0.700294674249003,0.088029201282233
1,0,0,-0.0301198769630332,-0.688808532103504,0,0,0,0.622394947296838,-1.00374020840399,-0.744422874329869,0.834619425444661,-0.667569447955872,0.548818336705068,-0.493304692482372,-0.0066872854783781
1,0,0,-0.275381732233447,1.73477704381623,0,0,0,0.622394947296838,-1.00374020840399,-0.744422874329869,0.834619425444661,-0.667569447955872,0.461032730761264,-0.598681410472657,-0.149814421027746
1,0,0,-0.275381732233447,0.280625698264391,0,0,0,0.622394947296838,-1.00374020840399,-0.744422874329869,0.834619425444661,-0.667569447955872,0.734928888296174,-0.812552050953661,0.135185467866976
1,0,0,-0.275381732233447,-0.688808532103504,0,0,0,0.622394947296838,-1.00374020840399,-0.744422874329869,0.834619425444661,-0.667569447955872,0.711132130552181,-0.581477048351794,-0.230140874652392
1,0,0,-0.275381732233447,-0.688808532103504,0,0,0,0.622394947296838,-1.00374020840399,-0.744422874329869,0.834619425444661,-0.667569447955872,1.36083519168525,-0.666423586323554,-0.768102598492847
1,0,0,-0.275381732233447,-0.688808532103504,0,0,0,0.622394947296838,-1.00374020840399,-0.744422874329869,0.834619425444661,-0.667569447955872,1.01551347295061,-0.637684481417112,-0.734377788812932
1,0,0,0.21514197830738,2.70421127418413,0,0,0,0.622394947296838,-1.00374020840399,-0.744422874329869,0.834619425444661,-0.667569447955872,1.07615901241035,-0.402981791347842,-0.715482328070286
1,1,0,-0.275381732233447,-0.688808532103504,0,0,0,1.39796012569978,1.51957451571287,0.576379112675668,-3.4037784521512,-1.60027950246519,0.928322263939051,-0.750160442583692,0.501462618279193
1,1,0,0.705665688848207,0.280625698264391,0,0,0,1.39796012569978,1.51957451571287,0.576379112675668,-3.4037784521512,-1.60027950246519,1.21724302196289,-0.787559768834708,0.293248255930224
1,1,0,9.28983062331267,-0.688808532103504,0,0,0,1.39796012569978,1.51957451571287,0.576379112675668,-3.4037784521512,-1.60027950246519,0.211888820558851,0.096496132020025,0.616822441897887
1,1,0,2.4224986757411,-0.688808532103504,0,0,0,1.39796012569978,1.51957451571287,0.576379112675668,-3.4037784521512,-1.60027950246519,-1.01204108897789,0.706766769987348,1.38367180976176
1,1,0,-0.275381732233447,-0.204091416919557,0,0,1,1.39796012569978,1.51957451571287,0.576379112675668,-3.4037784521512,-1.60027950246519,-1.2348318996182,-0.603019836858169,2.31076789089838
1,1,0,-0.275381732233447,-0.688808532103504,0,1,0,1.39796012569978,1.51957451571287,0.576379112675668,-3.4037784521512,-1.60027950246519,-1.17904000344298,0.0253092020252675,1.83798553138245
1,1,0,-0.275381732233447,-0.204091416919557,1,0,0,1.39796012569978,1.51957451571287,0.576379112675668,-3.4037784521512,-1.60027950246519,-0.981357379531929,0.899321924078146,1.1838324853925
1,1,0,-0.275381732233447,-0.204091416919557,0,0,0,1.39796012569978,1.51957451571287,0.576379112675668,-3.4037784521512,-1.60027950246519,-0.558691138282386,-0.128484849618684,1.25593610331099
1,1,0,-0.275381732233447,-0.688808532103504,0,0,0,1.39796012569978,1.51957451571287,0.576379112675668,-3.4037784521512,-1.60027950246519,-0.211310954761905,-0.552108664575165,1.22291688362083
1,1,0,-0.275381732233447,-0.688808532103504,0,0,0,1.39796012569978,1.51957451571287,0.576379112675668,-3.4037784521512,-1.60027950246519,0.333116562100292,-0.171281761518639,0.415438062827247
1,1,0,-0.275381732233447,1.73477704381623,0,0,0,1.39796012569978,1.51957451571287,0.576379112675668,-3.4037784521512,-1.60027950246519,0.708515534886298,-0.767739735293537,0.295657710417993
1,1,0,-0.275381732233447,0.765342813448338,0,0,0,1.39796012569978,1.51957451571287,0.576379112675668,-3.4037784521512,-1.60027950246519,1.24345008014758,-0.660054663807658,-0.190291552122026
1,1,0,-0.275381732233447,-0.688808532103504,0,0,0,1.39796012569978,1.51957451571287,0.576379112675668,-3.4037784521512,-1.60027950246519,1.61368908880553,-0.73581227339305,-0.814803088492871
1,1,0,-0.275381732233447,1.73477704381623,0,0,0,1.39796012569978,1.51957451571287,0.576379112675668,-3.4037784521512,-1.60027950246519,1.76104349878263,-0.815080027774135,-1.25378769449309
1,1,0,-0.275381732233447,0.280625698264391,0,0,0,1.39796012569978,1.51957451571287,0.576379112675668,-3.4037784521512,-1.60027950246519,-0.13041073082276,1.24145470249139,-0.297286101981234
1,1,0,-0.275381732233447,-0.688808532103504,0,0,0,1.39796012569978,1.51957451571287,0.576379112675668,-3.4037784521512,-1.60027950246519,-0.559920466786675,3.12372144105352,-0.396852743222091
1,1,0,-0.275381732233447,-0.688808532103504,0,0,0,1.39796012569978,1.51957451571287,0.576379112675668,-3.4037784521512,-1.60027950246519,-0.629059881994297,1.13107147304175,0.748053561656175
1,1,0,1.68671310992986,-0.688808532103504,0,0,0,1.39796012569978,1.51957451571287,0.576379112675668,-3.4037784521512,-1.60027950246519,-0.696584869781083,0.935892474005561,0.851961754260158
1,1,0,1.93197496520027,2.70421127418413,0,0,0,1.39796012569978,1.51957451571287,0.576379112675668,-3.4037784521512,-1.60027950246519,-1.215829102776,0.454144905876709,1.51811660069141
1,0,1,-0.275381732233447,-0.688808532103504,0,0,0,-1.20757170841683,-0.535675770619323,-1.55658536842963,0.169606153927048,0.849659381115999,-0.148578814104171,-0.192110747423086,0.809628509676962
1,0,1,-0.275381732233447,0.280625698264391,0,0,0,-1.20757170841683,-0.535675770619323,-1.55658536842963,0.169606153927048,0.849659381115999,-0.372138475124927,0.282313509529767,0.645167085540483
1,0,1,-0.275381732233447,-0.688808532103504,0,0,0,-1.20757170841683,-0.535675770619323,-1.55658536842963,0.169606153927048,0.849659381115999,-0.248744441399024,-0.0933653081318806,0.0919689753754099
1,0,1,-0.275381732233447,-0.688808532103504,0,0,0,-1.20757170841683,-0.535675770619323,-1.55658536842963,0.169606153927048,0.849659381115999,0.0102713299846212,-0.0499408364325874,-0.143607927593291
1,0,1,-0.275381732233447,-0.204091416919557,0,0,1,-1.20757170841683,-0.535675770619323,-1.55658536842963,0.169606153927048,0.849659381115999,0.0869208401676686,-0.198517285435301,0.22780525645206
1,0,1,-0.275381732233447,-0.688808532103504,0,1,0,-1.20757170841683,-0.535675770619323,-1.55658536842963,0.169606153927048,0.849659381115999,0.173386361811568,-0.263139755819381,0.294134492063659
1,0,1,-0.275381732233447,-0.204091416919557,1,0,0,-1.20757170841683,-0.535675770619323,-1.55658536842963,0.169606153927048,0.849659381115999,0.116457726378087,0.916653621116023,-0.316260644838058
1,0,1,-0.275381732233447,-0.204091416919557,0,0,0,-1.20757170841683,-0.535675770619323,-1.55658536842963,0.169606153927048,0.849659381115999,0.264490513009306,-0.0915559551444099,0.179939273620309
1,0,1,-0.275381732233447,-0.688808532103504,0,0,0,-1.20757170841683,-0.535675770619323,-1.55658536842963,0.169606153927048,0.849659381115999,0.11018732595353,0.130784958284336,0.251484378142213
1,0,1,-0.275381732233447,-0.688808532103504,0,0,0,-1.20757170841683,-0.535675770619323,-1.55658536842963,0.169606153927048,0.849659381115999,-0.339341515863053,2.99460364400881,-0.888347027255754
1,0,1,-0.275381732233447,1.73477704381623,0,0,0,-1.20757170841683,-0.535675770619323,-1.55658536842963,0.169606153927048,0.849659381115999,-1.19396711052654,2.02406018133866,0.245377302222724
1,0,1,-0.275381732233447,0.765342813448338,0,0,0,-1.20757170841683,-0.535675770619323,-1.55658536842963,0.169606153927048,0.849659381115999,-1.27998414199162,3.71423711870115,-0.969611249457197
1,0,1,-0.275381732233447,-0.688808532103504,0,0,0,-1.20757170841683,-0.535675770619323,-1.55658536842963,0.169606153927048,0.849659381115999,-1.28143115747421,2.55649245378499,-0.90538753478761
1,0,1,-0.275381732233447,1.73477704381623,0,0,0,-1.20757170841683,-0.535675770619323,-1.55658536842963,0.169606153927048,0.849659381115999,-1.23785991349844,4.34220322888593,-1.74218475827666
1,0,1,-0.275381732233447,0.280625698264391,0,0,0,-1.20757170841683,-0.535675770619323,-1.55658536842963,0.169606153927048,0.849659381115999,-1.23134834382678,3.25791829526108,-2.68611145539523
1,0,1,-0.275381732233447,-0.688808532103504,0,0,0,-1.20757170841683,-0.535675770619323,-1.55658536842963,0.169606153927048,0.849659381115999,-1.16261510840375,2.04432493479833,0.665529922981334
1,0,1,-0.275381732233447,-0.688808532103504,0,0,0,-1.20757170841683,-0.535675770619323,-1.55658536842963,0.169606153927048,0.849659381115999,-1.0862448468226,1.62190132399021,0.843224528485217
1,0,1,2.66776053101151,-0.688808532103504,0,0,0,-1.20757170841683,-0.535675770619323,-1.55658536842963,0.169606153927048,0.849659381115999,-1.06864795386327,1.7792769422583,0.38718928607408
1,0,1,-0.275381732233447,2.70421127418413,0,0,0,-1.20757170841683,-0.535675770619323,-1.55658536842963,0.169606153927048,0.849659381115999,-1.05859077315532,3.20038087025951,-0.163441721829489
